XM-20QN-2YJR	NH-GAM-NEG-COR-PLA	B0851SSBL6
94-BS5W-D2O0	NH-GAM-NEG-VBU-PLA	B0D9F5TD4W
RJ-TX8X-PHXM	NH-GAM-NEG-CEN-PLA	B0D9F2YQGX
1O-NIJ0-FTO8	NH-GAM-NEG-VCO-PLA	B0D9F29M5S
ES-QI5A-U0F3	NH-GAM-NEG-SAN-PLA	B0D9F4NJCQ
U4-EOUM-RUC3	NH-GAM-NEG-SAN-DOR	B0D9F4R8HF
NQ-MRNS-N1WJ	NH-GAM-NEG-VBU-DOR	B0D9F3Z55D
J8-7HCX-5NYM	NH-GAM-NEG-COR-DOR	B0D9F4Q3GM
J6-AK0F-9V6C	NH-GAM-NEG-CEN-DOR	B0D9F491M8
BO-EB4F-31NN	NH-GAM-NEG-VCO-DOR	B0D9F3LQQ2
SH-8GIJ-V3RR	NH-SOLO-GAM-NEG-VBU-PLA	B0D9D4L89N
YP-E1Z6-3317	NH-SOLO-GAM-NEG-CEN-PLA	B0D9D5729K
JS-8ZWE-0LYV	NH-SOLO-GAM-NEG-COR-PLA	B0D9D5MMCR
IQ-8LPT-G9FP	NH-SOLO-GAM-NEG-VBU-DOR	B0D9D5772G
RW-BENK-KV82	NH-SOLO-GAM-NEG-CEN-DOR	B0D9D53Q5Y
1M-9GIF-SQBE	NH-SOLO-GAM-NEG-COR-DOR	B0D9D4SB47
8O-1N24-WOG6	NH-SOLO-GAM-AZU-CEN-PLA	B0D9D3M8HM
9F-3GEW-Y93N	NH-SOLO-GAM-AZU-VBU-PLA	B0D9D52ZHZ
RE-BLBJ-AGXT	NH-SOLO-GAM-AZU-COR-PLA	B0D9D3C9Q6
XN-431H-PUOR	NH-SOLO-GAM-AZU-COR-DOR	B0D9D3HMF2
PZ-7GRB-WXW6	NH-SOLO-GAM-AZU-CEN-DOR	B0D9D2NLDM
7P-RNI4-ZF2T	NH-SOLO-PLA-CH-COR-PLA	B0D9D33M12
QD-GP0W-FJIL	NH-SOLO-PLA-CH-CEN-PLA	B0D9D2MNN1
I3-7KFO-MGRZ	NH-SOLO-PLA-CH-COR-DOR	B0D9CYV2R5
56-CDUJ-W64L	NH-SOLO-PLA-CH-CEN-DOR	B0D9CZ1SPY
JH-RY0S-FBMY	NH-SOLO-PLA-CH-VBU-DOR	B0D9CX54F2
R0-1PGP-H7CT	NH-SOLO-EUR-CH-VIN-CEN-PLA	B0D8F1YB35
ZE-WMHI-Y88M	NH-SOLO-EUR-CH-VIN-COR-PLA	B0D8FFTBT5
PJ-G5N3-CTQP	SET-SOLO-EUR-CH-VIN-VCO-PLA	B0D8F9B4LY
NF-4CWM-MTJ1	SET-SOLO-EUR-CH-VIN-SAN-PLA	B0D8F7DN9V
US-2TZ7-Q1HS	NH-SOLO-EUR-CH-VIN-VBU-PLA	B0D8F1WB48
NE-DHYF-88J8	NH-SOLO-EUR-CH-VIN-CEN-DOR	B0D89R12L6
Q1-LJVF-00T6	SET-SOLO-EUR-CH-VIN-VCO-DOR	B0D8B9THRL
NY-HR25-6J8Z	SET-SOLO-EUR-CH-VIN-SAN-DOR	B0D89LBJNV
KS-FNBM-QGR4	NH-SOLO-EUR-CH-VIN-COR-DOR	B0D89RMNJN
Z0-CT6I-LOCW	NH-SOLO-EUR-CH-VIN-VBU-DOR	B0D8B2M1Y8
IS-01JE-LGO2	NH-ECH-VBU-PLA	B0D89MY1G8
HH-WI9V-PXCL	NH-ECH-VCO-PLA	B0D89VJZGJ
L5-F5N4-9QKK	NH-ECH-CEN-PLA	B0D8B84NYG
ES-QKZO-2M25	NH-ECH-SAN-PLA	B0D89QYZ7N
FE-UYCI-F1M3	NH-ECH-COR-PLA	B0D8B69W54
RV-44QK-DPQY	NH-ECH-COR-DOR	B0D896LZZB
UX-2ACS-X2OO	NH-ECH-VBU-DOR	B0D89XW2SD
NQ-84H0-WN2U	NH-ECH-CEN-DOR	B0D8B5XT1T
3S-LFPL-IDVX	NH-ECH-SAN-DOR	B0D8B77TBW
AG-IWE5-36XD	NH-ECH-VCO-DOR	B0D8B24R1J
S3-GQY8-PAHT	NH-SOLO-CAR-ROJ-SAN-PLA	B0D89WGVN8
AH-73LR-4UD3	NH-SOLO-CAR-ROJ-CEN-PLA	B0D89V29Z3
9C-IXLT-VNZQ	NH-SOLO-CAR-ROJ-VCO-PLA	B0D89WBJCX
T6-3V5J-E4UW	NH-SOLO-CAR-ROJ-COR-PLA	B0D8B1HT8Q
F0-I9HL-9O4K	NH-SOLO-CAR-ROJ-VBU-PLA	B0D89TK1SD
BK-5RY4-5SWU	NH-SOLO-CAR-ROJ-VCO-DOR	B0D8B1BPBY
RL-M63U-48YM	NH-SOLO-CAR-ROJ-VBU-DOR	B0D89NCXX2
BJ-3H4C-NY0Z	NH-SOLO-CAR-ROJ-COR-DOR	B0D896S9GH
P4-LVXK-YLL4	NH-SOLO-CAR-ROJ-CEN-DOR	B0D89V49WS
8M-7ZFD-QNYA	NH-SOLO-CAR-ROJ-SAN-DOR	B0D89TSK4L
NY-H6E7-SE8W	NH-SOLO-CAR-BLC-VCO-PLA	B0D86T2D54
IR-4EU7-W83D	NH-SOLO-CAR-BLC-COR-PLA	B0D86T7VJJ
JI-GK3S-XCXD	NH-SOLO-CAR-BLC-CEN-PLA	B0D86TBTDW
DI-3Q8J-EH8Y	NH-SOLO-CAR-BLC-VBU-PLA	B0D86TV95Z
7H-R0SN-4E27	NH-SOLO-CAR-BLC-SAN-PLA	B0D86SR9FP
6Y-C2Q0-F6YV	NH-SOLO-CAR-BLC-CEN-DOR	B0D86RSW8F
V1-UYJI-21O8	NH-SOLO-CAR-BLC-VCO-DOR	B0D86PKXNW
GG-9YNX-PTM5	NH-SOLO-CAR-BLC-COR-DOR	B0D86RFGMC
5Q-OAWQ-W8FL	NH-SOLO-CAR-BLC-SAN-DOR	B0D86RB471
TL-0DCX-88MW	NH-SOLO-CAR-BLC-VBU-DOR	B0D86HVV65
33-BEKE-S6UA	SET-SOLO-CAR-AZU-SAN-PLA	B0D86J2BJY
AE-ZSSB-NQ4A	NH-SOLO-CAR-AZU-CEN-PLA	B0D86SX8B4
DU-2MBI-3ADM	NH-SOLO-CAR-AZU-COR-PLA	B0D86PJ1M8
9D-5LHS-JYW6	NH-SOLO-CAR-AZU-VBU-PLA	B0D86QLQ3Y
RR-3Y1N-2O9O	SET-SOLO-CAR-AZU-VCO-PLA	B0D86SRNRR
WQ-EW4R-A7BV	SET-SOLO-CAR-AZU-SAN-DOR	B0D86T24CB
V8-OCS8-PIA8	SET-SOLO-CAR-AZU-VCO-DOR	B0D86P5VNS
TZ-3HRK-XG5I	NH-SOLO-CAR-AZU-VBU-DOR	B0D86P5QWK
8F-KA00-WX1S	NH-SOLO-CAR-AZU-CEN-DOR	B0D86HB6PC
6S-RV2S-VLVV	NH-SOLO-CAR-AZU-COR-DOR	B0D86P3C8Z
9J-TPMS-HFE3	NH-GAM-AZU-SAN-PLA	B0D8349W39
DV-J9YG-ICAC	NH-GAM-AZU-VCO-PLA	B0D83L2TYY
B7-QSRR-3A3O	NH-GAM-AZU-COR-PLA	B0D834CXZB
1A-4OGN-6UWN	NH-GAM-AZU-CEN-PLA	B0D83B6PRX
Q3-7EV3-8TBH	NH-GAM-AZU-VBU-PLA	B0D836626Q
SC-4I6D-YF4K	NH-GAM-AZU-SAN-DOR	B0D6YC3Y11
D1-C99S-QL9O	NH-GAM-AZU-VCO-DOR	B0D6YJ66XP
4Z-CNJK-Y41N	NH-GAM-AZU-VBU-DOR	B0D6YJ8TGS
DG-4G1E-FRUK	NH-GAM-AZU-COR-DOR	B0D6YJPRQG
PF-62AU-I8OD	NH-GAM-AZU-CEN-DOR	B0D6YGSZ6M
WS-ZEAY-DMXR	NH-EUM-BLA-CEN-DOR	B0CJTHVGDQ
NY-YIAW-00TT	NH-EUM-BLA-COR-DOR	B0CJTDMGLJ
CY-2H0B-IWL0	SET-EUM-BLA-SAN-DOR	B0CJT5TNVQ
DH-VEVA-2Z23	SET-EUM-BLA-VCO-DOR	B0CJTBD5DG
90-L7TN-78SH	SET-EUM-VIN-SAN-PLA	B0CJT5D4VM
RR-OCHB-O2OH	SET-EUM-VIN-VCO-PLA	B0CJT8T9GD
IC-AUUL-G44D	NH-EUM-VIN-CEN-PLA	B0CJTDNM4X
7H-OLR6-OW2D	NH-EUM-VIN-COR-PLA	B0CJT6GZRN
70-Q2KZ-07TL	NH-CAR-ROJ-COR-PLA	B0CJTG5QBB
1G-VN1W-PBIB	NH-CAR-ROJ-CEN-PLA	B0CJTHN38W
VM-UYMP-V8EN	NH-CAR-ROJ-SAN-PLA	B0CJTF4M1Q
BY-SCB3-VE5W	NH-CAR-ROJ-VCO-PLA	B0CJT1GJ3R
Z6-2B1O-CV5D	NH-CAR-ROJ-SAN-DOR	B0CJT8SXS8
Y5-1M27-5WIY	NH-CAR-ROJ-COR-DOR	B0CJT5TMP5
LQ-FV4D-DY2I	NH-CAR-ROJ-CEN-DOR	B0CJTB31HJ
Y4-FB35-N645	NH-CAR-ROJ-VCO-DOR	B0CJT6KW6M
J1-KQV7-MKZV	NH-CAR-BLA-COR-DOR	B0CJT9X65R
QZ-2CWS-YAFC	NH-CAR-BLA-VCO-DOR	B0CJT8RH23
67-U5IS-E2XV	NH-CAR-BLA-SAN-DOR	B0CJT6J2XL
X5-HOYV-5YZ2	NH-CAR-BLA-CEN-DOR	B0CJTFTQ3R
1X-9MPP-46OA	SET-CAO-VCO-PLA	B0C9PM3TY2
0X-MX5B-0D61	SET-CAO-SAN-PLA	B0C9PMFY9R
FM-GQ8B-ZRSM	NH-CAO-CEN-PLA	B0C9PMP9TV
88-WYMY-O42A	NH-CAO-COR-PLA	B0C9PLS347
Y2-5G7X-ZX9P	NH-NOG-VEN-VCO-DOR	B0C9PJ6D3D
9L-63OP-ME6D	NH-NOG-VEN-SAN-DOR	B0C9PHV6DX
AJ-EX0N-9H0U	NH-NOG-VEN-COR-DOR	B0C9PLNPQC
AZ-RE6Q-E9OV	NH-NOG-VEN-CEN-DOR	B0C9PHYQFJ
CV-PX9V-CPA8	NH-EUM-VIN-CEN-DOR	B0C9PDL3PW
7T-ERD8-JZDQ	SET-EUM-VIN-SAN-DOR	B0C9P8KH4Z
WR-NWRB-W6S9	SET-EUM-VIN-VCO-DOR	B0C9PCLKL5
EM-03GP-9JNI	NH-EUM-VIN-COR-DOR	B0C9PF1YKV
E5-LT8L-GR8Y	NH-DIA-CEN-DOR	B0C9PN8661
6S-QZ5N-9IEG	NH-DIA-COR-DOR	B0C9PJPBCD
1F-6UAF-5JOO	SET-DIA-SAN-DOR	B0C9PJDXHT
C9-I05U-1AFG	SET-DIA-VCO-DOR	B0C9PH9STR
EX-W8SE-44R2	NH-PLA-CH-COR-PLA	B0C8SHJV8H
3L-68GF-9GPR	NH-PLA-CH-CEN-PLA	B0C8SKQ7NM
M9-29TE-22D4	NH-PLA-CH-VCO-PLA	B0C8SPC57P
87-RIK9-VTJQ	NH-PLA-CH-SAN-PLA	B0C8SMDQ22
F1-T78C-AZMG	NH-PLA-CH-VCO-DOR	B0C8SK6JN9
I1-8ADP-H8LB	NH-PLA-CH-COR-DOR	B0C8SJQX8K
K4-WBTE-9PWR	NH-PLA-CH-CEN-DOR	B0C8SHHYSY
NR-ESUP-XSTX	NH-PLA-CH-SAN-DOR	B0C8SHVTFK
N3-9EZ5-C788	NH-PLA-M-CEN-DOR	B0C8RZCZ19
6W-BX00-DCPB	SET-PLA-M-VCO-DOR	B0C8S4WNQC
50-16TH-AZPE	NH-PLA-M-COR-DOR	B0C8S45MQB
ZU-8248-Y5J2	SET-PLA-M-SAN-DOR	B0C8S6FDKP
SK-YBQX-XQWV	NH-ITA-COR-PLA	B0C8RVWG4F
RK-BCI1-AL54	NH-ITA-SAN-PLA	B0C8RVSDW9
R8-1D4Y-EH9N	NH-ITA-CEN-PLA	B0C8RS5TGQ
AS-B6C1-L7Y3	NH-ITA-VCO-PLA	B0C8S1PHCL
KM-P891-0MY5	NH-ITA-COR-DOR	B0C8RP526Z
IF-88UP-AFT1	NH-ITA-VCO-DOR	B0C8RX7TSH
JJ-ZFJQ-C9ZC	NH-ITA-SAN-DOR	B0C8RPB6SM
N3-DIHH-JI1Y	NH-ITA-CEN-DOR	B0C8S6L1BK
OH-NDX9-CENZ	NH-PLA-CH-SAN-DOR	B0B2V7MRC6
9M-ULI8-YE1L	NH-PLA-CH-CEN-DOR	B0B2VH74LV
TR-F1VH-BX11	NH-PLA-CH-VCO-DOR	B0B2VKWCG6
IN-TBB3-KL2V	NH-EUM-BLA-COR-DOR	B086QCPWSP
NT-NAY3-85H8	SET-EUM-BLA-SAN-DOR	B086QCPMT3
1N-LPPP-KR9C	NH-EUM-BLA-CEN-DOR	B086QC5PWX
ED-ZP9M-NFQR	SET-EUM-BLA-VCO-DOR	B086QDKCPQ
P1-NULO-VX9V	SET-CAO-VCO-PLA	B086MPDYNX
SR-7OU2-N3EG	NH-CAO-VBU-PLA	B086MNQNYS
U0-W8C9-ST2P	SET-CAO-SAN-PLA	B086M9DNKK
1W-L3CX-P8A6	SET-EUM-VIN-VCO-DOR	B086MNR6DH
J6-FE99-G67K	NH-EUM-VIN-VBU-DOR	B086M87DTS
9U-IM2D-W4BH	NH-EUM-VIN-CEN-DOR	B086M31F8H
1J-8B50-YY64	SET-EUM-VIN-SAN-DOR	B086MP8TJG
7Q-22PZ-CT73	NH-EUM-VIN-COR-DOR	B086M6LV6F
LW-YF9R-6TYL	NH-CAR-AZU-CEN-DOR	B0BX8YT3NK
GD-XBC3-YIHX	SET-CAR-AZU-SAN-DOR	B0BX8Z4QMR
ZS-UBMB-TV7W	SET-CAR-AZU-VCO-DOR	B0BX8YY5SX
6B-HNGJ-28ZC	NH-CAR-AZU-COR-DOR	B0BX8X7P9R
9L-URD9-1LNC	NH-CAR-AZU-CEN-PLA	B0BX8VT8FR
D2-KL09-H6IP	SET-CAR-AZU-SAN-PLA	B0BX8V7MB7
U9-IECH-3QIP	SET-CAR-AZU-VCO-PLA	B0BX8W92B5
FY-ICOA-1N60	NH-CAR-AZU-COR-PLA	B0BX8XVXXS
S8-JGKJ-A9OQ	NH-CAR-ROJ-CEN-DOR	B0BX92KYMC
8P-6SQS-B79F	NH-CAR-ROJ-SAN-DOR	B0BX8Y8BJ9
K6-4F52-BLRJ	NH-CAR-ROJ-COR-DOR	B0BX922WGV
DC-H8LG-NATY	NH-CAR-ROJ-VCO-DOR	B0BX8ZSN2D
GV-A9YS-EWMX	NH-CAR-BLA-CEN-PLA	B0BX8ZGC38
5Y-P50D-3XIL	NH-CAR-BLA-SAN-PLA	B0BX8YWFD6
JP-TVAI-F3VD	NH-CAR-BLA-VCO-PLA	B0BX8ZXPP3
PJ-RBIA-BRW0	NH-CAR-BLA-COR-PLA	B0BX8YWRDH
30-6P0A-NRDX	NH-CAR-AZU-REP-CEN-DOR	B0BXCTNQPR
SQ-KKER-IFMW	SET-CAR-AZU-REP-SAN-DOR	B0BXCWXP1K
VR-TE0V-52CF	SET-CAR-AZU-REP-VCO-DOR	B0BXCTMCLX
DO-RC7L-GA4Y	NH-CAR-AZU-REP-COR-DOR	B0BXCTF4LH
67-J31L-BKJW	NH-CAR-AZU-REP-CEN-PLA	B0BXCWBNCP
UA-VZU8-BWY7	NH-CAR-AZU-REP-COR-PLA	B0BXCYM5RJ
MQ-JE80-ACUN	SET-CAR-AZU-REP-SAN-PLA	B0BXCTVPD8
CM-YNLY-KEP0	SET-CAR-AZU-REP-VCO-PLA	B0BXCXBQ8X
XM-GNWZ-2J4G	NH-ITA-CEN-DOR	B0BXCR4PHZ
3M-HSVP-YXSZ	NH-ITA-SAN-DOR	B0BXCNZRSK
PC-MYYZ-2L7M	NH-ITA-VCO-DOR	B0BXCRT8GR
6R-XKAV-8L7C	NH-ITA-COR-DOR	B0BXCQR4QG
V5-TEZX-OBBP	NH-ITA-CEN-PLA	B0BXCQHK4Z
CL-QQI5-E715	NH-ITA-SAN-PLA	B0BXCQ19JY
5Y-Y2PW-EZBX	NH-ITA-VCO-PLA	B0BXCRDNS6
CG-6783-PMGQ	NH-ITA-COR-PLA	B0BXCSM34P
9V-QBQ1-C7YF	NH-BLA-BRO-CEN-DOR	B0BX8V19LM
U1-O6CK-8CIM	NH-BLA-BRO-SAN-DOR	B0BX8Z9YCL
CK-WXB6-2WC2	NH-BLA-BRO-VCO-DOR	B0BX8V36WP
SX-0BNB-ZBDX	NH-BLA-BRO-COR-DOR	B0BX8WT8VL
OL-DD6O-JZU2	NH-BLA-BRO-CEN-PLA	B0BX8THFRN
N3-DU6U-62T8	NH-BLA-BRO-SAN-PLA	B0BX8RF8Y5
EU-9S0E-JZXK	NH-BLA-BRO-VCO-PLA	B0BX8X9GDH
KO-E8GU-5BO9	NH-BLA-BRO-COR-PLA	B0BX8TD2J6
5Y-Q2HB-NIJZ	NH-NOG-VEN-CEN-PLA	B0BX8ZVXBH
01-5LZU-V9KZ	NH-NOG-VEN-SAN-PLA	B0BX91L8GN
BR-X5U8-9OLE	NH-NOG-VEN-VCO-PLA	B0BX925PL7
Y6-MRJK-ULB2	NH-NOG-VEN-COR-PLA	B0BX8ZRB35
CH-0GV7-QRPO	NH-PLA-M-CEN-PLA	B0BX942YG9
QZ-3F3X-JCEN	SET-PLA-M-SAN-PLA	B0BX91L7B4
QV-PXV9-NC8X	SET-PLA-M-VCO-PLA	B0BX92NMTV
HH-GD89-2MDI	NH-PLA-M-COR-PLA	B0BX926XZR
W4-QC0M-OIDX	NH-DIA-CEN-PLA	B0BXCPC6T1
HR-FMGL-5TFC	NH-DIA-COR-PLA	B0BXCPY8SN
XW-1QX7-ON33	SET-DIA-SAN-PLA	B0BXCQVHTY
HN-DGKP-ZSK3	SET-DIA-VCO-PLA	B0BXCP7TKK
DX-WO2W-ZOD4	NH-EUM-VIN-CEN-PLA	B0BXCN6K33
9H-1YK1-W0CT	NH-EUM-VIN-COR-PLA	B0BXCLJRQT
7H-93DD-GSZY	SET-EUM-VIN-SAN-PLA	B0BXCPQGNP
IO-O87P-JWST	SET-EUM-VIN-VCO-PLA	B0BXCN42HX
RG-HAZX-RXWD	NH-EUR-VIN-M-REP-CEN-DOR	B0BXFSB4FR
4J-QTGI-WHZQ	NH-EUR-VIN-M-REP-COR-DOR	B0BXFW847S
JY-QACI-6ABZ	SET-EUR-VIN-M-REP-SAN-DOR	B0BXFSNTQD
OO-0DJV-OKN3	SET-EUR-VIN-M-REP-VCO-DOR	B0BXFT41F8
T9-NHBE-EQX4	SET-EUR-VIN-M-REP-SAN-DOR	B0BXFW8SWV
F3-VGLB-S5N0	SET-EUR-VIN-M-REP-VCO-DOR	B0BXFT9KT2
IL-I6QE-8WXY	NH-EUR-VIN-M-REP-CEN-DOR	B0BXFVZMWK
TL-W800-6LEU	NH-EUR-VIN-M-REP-COR-DOR	B0BXFSQZH3
2Z-UQRW-06KZ	NH-EUM-BLA-CEN-PLA	B0BXCQ4P52
VL-GDQD-EJF4	NH-EUM-BLA-COR-PLA	B0BXCQ9ZM5
UE-4BJB-9TGB	SET-EUM-BLA-SAN-PLA	B0BXCQCRBH
EM-UVHA-747L	SET-EUM-BLA-VCO-PLA	B0BXCPDM8J
FF-U998-C4IQ	NH-CAO-CEN-DOR	B0BX8SZ1DZ
9X-BG1Y-LE0D	NH-CAO-COR-DOR	B0BX8SVQVZ
8V-H317-IM6F	SET-CAO-SAN-DOR	B0BX8SYV62
RQ-W5JF-8V57	SET-CAO-VCO-DOR	B0BX8VZQQP
LR-WH6U-IFPR	NH-ARR-COF-22-CEN-DOR	B0CJT48QYC
0O-B6OS-8RRE	SET-ARR-COF-22-SAN-DOR	B0CJT6BK86
QK-G5F2-5OWL	SET-ARR-COF-22-VCO-DOR	B0CJT47S19
AR-C36V-37GO	NH-ARR-COF-22-COR-DOR	B0CJTHL1PB
P0-QRQF-3BVO	NH-ARR-COF-22-CEN-PLA	B0CJT7RT7B
D8-SI4W-E2AE	SET-ARR-COF-22-SAN-PLA	B0CJT8TZ3G
RY-F8T4-T449	SET-ARR-COF-22-VCO-PLA	B0CJT1DZJH
W9-1UYX-1GZB	NH-ARR-COF-22-COR-PLA	B0CJSXFVJL
WE-YMYU-9NGK	SET-ARR-22-DOR-MAX-COF-22-CHA-RED-DOR	B0CJT99QM8
35-LPV7-8TTN	SET-ARR-22-PLA-SAN-COF-22-CHA-RED-PLA	B0CJT82FM8
MC-Q37C-3ZBZ	NH-PERS-NOG-SIN-SAN-DOR	B0BXHRC9QM
QM-UZYQ-YFA8	NH-PERS-NOG-SIN-CEN-DOR	B0BXHVT4WL
PI-5SUZ-85ZP	NH-PERS-NOG-SIN-VCO-DOR	B0BXHVPR9T
OC-W6KF-J9PO	NH-PERS-NOG-SIN-COR-DOR	B0BXHSRN8X
PE-2RRR-58XG	NH-PERS-ITA-VCO-PLA	B0BXHSJJPK
L5-PHOF-POEK	NH-PERS-ITA-COR-PLA	B0BXHVYNL3
RA-678C-823N	NH-PERS-ITA-COR-DOR	B0BXHSDSBS
IR-775F-7ASC	NH-PERS-ITA-CEN-DOR	B0BXHT76MM
TC-F9AO-FDRY	NH-PERS-ITA-VCO-DOR	B0BXHT1XMV
OC-9XNW-LBUK	NH-PERS-ITA-SAN-DOR	B0BXHTC8HM
GP-WZZV-8V39	PERS-CAR-AZU-SAN-PLA	B0BXHTV6L2
WS-BU28-8W55	PERS-CAR-AZU-VCO-PLA	B0BXHTM9VG
D9-N13K-YH6B	NH-PERS-CAR-AZU-CEN-PLA	B0BXHT3SCX
IG-EMHB-2NAV	PERS-CAR-AZU-VCO-DOR	B0BXHTH6RN
AL-WD43-AH4T	NH-PERS-CAR-AZU-COR-DOR	B0BXHVT1MG
8V-TNEI-9VH5	NH-CAR-AZU-CEN-DOR	B0BG4G3KTN
0J-W71Z-AYV0	SET-CAR-AZU-SAN-DOR	B0BG4GKHQT
C1-Q1PO-M73C	NH-CAR-AZU-VBU-DOR	B0BG4D3MFH
4A-REHV-WQ36	SET-CAR-AZU-SAN-DOR	B085VJ8DVX
SE-PWPS-CCRP	NH-CAR-AZU-CEN-PLA	B09LLKKMRW
1B-R34T-1VZ5	NH-CAR-AZU-CEN-PLA	B08NTD3716
5B-YTEM-PBR2	SET-CAR-AZU-SAN-PLA	B09LM7HXZR
H2-ZI6Z-3GQQ	SET-CAR-AZU-SAN-PLA	B08NST8LNS
DG-4IBT-6XZA	NH-CAR-AZU-VBU-PLA	B09LLP8FR7
1T-T1QG-6610	NH-CAR-AZU-VBU-PLA	B08NTBVTBM
9H-RO3W-KI8Y	NH-CAR-BLA-CEN-DOR	B09PYNPZL1
JV-AABK-ZJG3	NH-CAR-BLA-SAN-DOR	B09PYQP7LH
Y1-TG1F-AGVA	NH-CAR-BLA-VBU-DOR	B09PYM8QR3
9X-LA4S-Y77Q	NH-CAR-BLA-CEN-PLA	B09Q88CGY5
Q0-YIBM-IP8I	NH-CAR-BLA-SAN-PLA	B09Q8C5XN5
BP-0AP0-PC9H	NH-CAR-BLA-VBU-PLA	B09Q86Q7L9
TX-FVN6-JBH6	NH-CAR-AZU-REP-CEN-DOR	B09M5Z9SPG
D0-KYU5-58K9	NH-CAR-AZU-REP-CEN-DOR	B09DK6ZFJH
1F-OSCN-XRMR	SET-CAR-AZU-REP-SAN-DOR	B09M5V1TYP
O2-6H06-O2CI	SET-CAR-AZU-REP-SAN-DOR	B09DK1X6WB
EE-PVSE-RMAZ	NH-CAR-AZU-REP-VBU-DOR	B09M6MNH1H
NF-Q037-UXP2	NH-CAR-AZU-REP-VBU-DOR	B09DJRCZ28
3O-929O-JIOU	NH-CAR-AZU-REP-CEN-PLA	B09M5SV58W
KR-ABSX-583M	NH-CAR-AZU-REP-CEN-PLA	B09DJC3G6J
Z7-KIL2-Q9FA	SET-CAR-AZU-REP-SAN-PLA	B09M5QRPZ9
LN-0P06-UN8O	SET-CAR-AZU-REP-SAN-PLA	B09DK8MWVJ
RE-WVJN-FYQJ	NH-CAR-AZU-REP-VBU-PLA	B09M642GSX
EE-ZBFM-K7SA	NH-CAR-AZU-REP-VBU-PLA	B09DK9K2RC
P6-3WMI-CTBS	NH-NOG-VEN-SAN-DOR	B0BGCXRFXJ
1X-3R3K-FQCA	NH-NOG-VEN-VBU-DOR	B0BGCXCL4V
8T-02AR-7KP7	NH-NOG-VEN-CEN-PLA	B09DK2TXM3
H3-4EM5-RS1Q	NH-NOG-VEN-SAN-PLA	B09DJMYB9Z
T6-OF1W-1N6J	NH-NOG-VEN-VBU-PLA	B09DJSGTLL
0Y-K77R-F4E2	SET-PLA-M-SAN-DOR	B0BG7V393W
EL-OL1V-D3PW	NH-PLA-M-CEN-PLA	B0BGCX221F
VC-YO9D-VAMG	SET-PLA-M-SAN-PLA	B0BGCZD2G1
S4-0812-Z792	NH-PLA-M-VBU-PLA	B0BGCWM9Y2
S0-0C2J-JJ6V	NH-DIA-CEN-DOR	B0BGDJ4LW1
5I-D336-ARBI	SET-DIA-SAN-DOR	B0BGDGVCTN
EC-Y20I-LV38	NH-DIA-VBU-DOR	B0BGDGLMVT
NO-501T-PVXP	NH-EUM-VIN-CEN-DOR	B0BLMHQ7TG
WL-WJTK-PE3X	NH-EUM-VIN-CEN-DOR	B0877XXNR5
DL-1AP2-HGA9	SET-EUM-VIN-SAN-DOR	B0BLMF5VXT
PF-3K6H-JFVX	NH-EUM-VIN-VBU-DOR	B0BLMJ9S8V
6T-6EU2-WJGL	NH-EUM-VIN-CEN-PLA	B0BHCSP6CK
YJ-4TKU-86K5	NH-EUM-VIN-CEN-PLA	B08NT1YSBJ
JV-YZ7F-9H9T	SET-EUM-VIN-SAN-PLA	B0BHCR13Q1
XA-3K2X-O4FP	SET-EUM-VIN-SAN-PLA	B08NTBY186
0P-82Z8-YXD7	NH-EUM-VIN-VBU-PLA	B0BHCY1JC1
2F-SLPW-KLHJ	NH-EUM-VIN-VBU-PLA	B08NSJH5RX
EI-RBOM-7B96	NH-EUR-VIN-M-REP-CEN-DOR	B09DK5J1M1
12-P13M-IHF9	SET-EUR-VIN-M-REP-SAN-DOR	B09DKFVNJC
Q3-RLC0-7RNW	NH-EUR-VIN-M-REP-VBU-DOR	B09DK8NN1T
9O-8F1H-F6BJ	NH-EUR-VIN-M-REP-CEN-PLA	B09DKFSMZ3
Z1-A7V3-AVC3	SET-EUR-VIN-M-REP-SAN-PLA	B09DKFXKGL
IJ-L6WR-HSNY	NH-EUR-VIN-M-REP-VBU-PLA	B09DJQBFDQ
AM-2LWU-HPUV	NH-CAO-CEN-DOR	B0BGBS2Q1N
0E-HPK5-9K3I	SET-CAO-SAN-DOR	B0BGBVXXZG
GA-8B6D-9PIG	NH-CAO-VBU-DOR	B0BGBWP1CT
17-QXDL-PB6O	NH-CAO-CEN-PLA	B0BGCVX4QJ
C7-ZQAE-QP26	SET-CAO-SAN-PLA	B0BGCTZPJ4
II-AXIL-Q6IX	SET-CAO-VCO-PLA	B0BGCVR8K7
7D-ZL0F-LQJI	NH-CAR-AZU-CEN-DOR	B0CPW6KJM4
SQ-WFR4-HASK	SET-CAR-AZU-SAN-DOR	B0CPW9C2N9
JB-KYVI-13P9	NH-CAR-AZU-VBU-DOR	B0CPW7FLZD
TX-F5AJ-11D2	NH-CAR-AZU-COR-DOR	B0CPW75H48
HN-F22T-GIRS	NH-CAR-AZU-CEN-PLA	B0CPW8ZN6G
F7-0Y75-4PLD	NH-CAR-AZU-CEN-PLA	B0CH956ZLG
1N-25OG-6TI8	SET-CAR-AZU-SAN-PLA	B0CPW7KKMS
ED-3SZW-SESM	SET-CAR-AZU-SAN-PLA	B0CH96ZVPF
Z0-A09M-AG5Q	NH-CAR-AZU-VBU-PLA	B0CPW7X2LK
Q3-FHIB-X95Y	NH-CAR-AZU-VBU-PLA	B0CH97FGSY
K2-JC2O-OLSZ	NH-CAR-AZU-COR-PLA	B0CPW7B3M4
NM-XVSA-IX0L	NH-CAR-AZU-COR-PLA	B0CH96SDS7
8I-CAZI-3NOI	NH-CAR-ROJ-CEN-DOR	B0CR5PDQNJ
B5-5CLS-ZW94	NH-CAR-ROJ-SAN-DOR	B0CR5MKBDT
JU-ZZL1-HAYH	NH-CAR-ROJ-VBU-DOR	B0CR5KW6YL
E5-YB1X-KKX2	NH-CAR-ROJ-COR-DOR	B0CR5JKZPR
A6-IJRZ-DJ1F	NH-CAR-ROJ-CEN-PLA	B0CR5QWYMT
7A-XJ82-16PT	NH-CAR-ROJ-SAN-PLA	B0CR5NJLFX
6F-ILCS-AX70	NH-CAR-ROJ-VBU-PLA	B0CR5V8XXZ
MJ-NWLO-IQ15	NH-CAR-ROJ-COR-PLA	B0CR5QZ4VW
UX-5A44-JPOH	NH-CAR-BLA-CEN-DOR	B0CR5L1RVF
QC-48H9-2DBH	NH-CAR-BLA-SAN-DOR	B0CR5Q74G5
VG-JLRB-9YVR	NH-CAR-BLA-VBU-DOR	B0CR5KDT7M
F9-ZA8P-NXME	NH-CAR-BLA-COR-DOR	B0CR5R1Y7C
L0-K1N9-8X2T	NH-CAR-BLA-CEN-PLA	B0CR5JCXQZ
NY-30ZJ-IX1F	NH-CAR-BLA-SAN-PLA	B0CR5MTJFY
YX-FLCK-UWHH	NH-CAR-BLA-VBU-PLA	B0CR5N7J9D
U2-DJTS-NLOR	NH-CAR-BLA-COR-PLA	B0CR5PJCBF
3P-YWC7-4SCY	NH-CAR-AZU-REP-CEN-DOR	B0CR727JYN
8F-69M5-T8Q1	SET-CAR-AZU-REP-SAN-DOR	B0CR71119W
BV-ZFT8-7LO8	NH-CAR-AZU-REP-VBU-DOR	B0CR6Z7CM4
K5-VZUT-D0X2	NH-CAR-AZU-REP-COR-DOR	B0CR714TCS
HU-P79S-AL9P	NH-CAR-AZU-REP-CEN-PLA	B0CR78BZBR
33-KYO4-TF6H	SET-CAR-AZU-REP-SAN-PLA	B0CR79DSRJ
0P-AA1Z-D5LJ	NH-CAR-AZU-REP-VBU-PLA	B0CR798XW8
0W-TKLW-FASI	NH-CAR-AZU-REP-COR-PLA	B0CR78VHHL
UT-S0ZQ-2FAO	NH-ITA-CEN-DOR	B0CH97XPM6
S5-P3XQ-A6A6	NH-ITA-CEN-DOR	B09QBTDHY6
M7-Y4MO-ID7F	NH-ITA-SAN-DOR	B0CH97YQ2P
1B-J83K-7VFL	NH-ITA-SAN-DOR	B09QC97SBN
Q2-2IMG-250B	NH-ITA-VBU-DOR	B0CH97L6WW
AG-UATF-H85X	NH-ITA-CEN-PLA	B0BG4HJCH9
UG-8ZSW-38JE	NH-ITA-SAN-PLA	B0BG4FQ2YM
SI-EBS7-X35V	NH-ITA-VBU-PLA	B0BG4HSNTS
22-9FUT-YSSI	NH-BLA-BRO-CEN-DOR	B0CR6YHD9T
4M-U1Z0-HMX9	NH-BLA-BRO-CEN-DOR	B09QBZ1G1J
0L-ROPM-5T3B	NH-BLA-BRO-SAN-DOR	B0CR6ZBX5X
V1-PEXN-95UO	NH-BLA-BRO-VBU-DOR	B0CR6Y8KFF
JH-ICBG-83U8	NH-BLA-BRO-COR-DOR	B0CR6Z9CJR
K8-KF5Z-H8MT	NH-BLA-BRO-CEN-PLA	B09QBX3XNV
KN-V8NQ-XDWN	NH-BLA-BRO-CEN-PLA	B0CR6YQ2MJ
WB-7YRA-MTAK	NH-BLA-BRO-SAN-PLA	B09QBSWTX9
PV-WORJ-ETTV	NH-BLA-BRO-SAN-PLA	B0CR6ZXNFK
YC-E4ZP-5KCT	NH-BLA-BRO-VBU-PLA	B0CR6YYSHP
FY-KLOG-DLH5	NH-BLA-BRO-VBU-PLA	B09QC3X991
0P-XD3Z-HSOU	NH-BLA-BRO-COR-PLA	B0CR6YQYKK
K1-6Q03-NHTS	NH-NOG-VEN-CEN-DOR	B0BGCZHLSP
T5-CHM5-M7HY	NH-PLA-CH-CEN-DOR	B0CR6Y85M4
BT-BKUL-OPDH	NH-PLA-CH-SAN-DOR	B0CR6YCVQP
6L-LDJS-PSHF	NH-PLA-CH-VBU-DOR	B0CR6XDH25
LP-FMAV-59PX	NH-PLA-CH-COR-DOR	B0CR6P4B5D
UU-HHQ7-N9ZW	NH-PLA-CH-CEN-PLA	B0CR6YGY13
E5-8VCT-WHJP	NH-PLA-CH-SAN-PLA	B0CR6Y6YWT
L2-VCX6-D7CV	NH-PLA-CH-VBU-PLA	B0CR6Y8BSV
IK-H5XD-SU1O	NH-PLA-CH-COR-PLA	B0CR6Y4RQK
C3-5BBP-7HEA	NH-PLA-M-CEN-DOR	B0BG6YN63G
3X-VFTG-053E	NH-PLA-M-VBU-DOR	B0BG73CB8X
9P-C0NN-HCR9	NH-EUR-VIN-M-REP-CEN-DOR	B0CR7948VT
VR-QI3Y-C9WW	SET-EUR-VIN-M-REP-SAN-DOR	B0CR79GCDP
97-FWRA-RBM9	NH-EUR-VIN-M-REP-VBU-DOR	B0CR78WCH5
57-SQKK-1FZD	NH-EUR-VIN-M-REP-COR-DOR	B0CR79PQZM
WP-XOYQ-TZ1B	NH-EUR-VIN-M-REP-CEN-PLA	B0CR7D55BV
VE-WHOW-U0CA	SET-EUR-VIN-M-REP-SAN-PLA	B0CR7CDSVD
PV-AVJL-I78M	NH-EUR-VIN-M-REP-VBU-PLA	B0CR7D1R8L
GQ-9C5V-AGJE	NH-EUR-VIN-M-REP-COR-PLA	B0CR7DGRD5
QS-Y0TK-KLMX	SET-ARR-COF-22-SAN-DOR	B0CF1CFY2T
6F-9HTY-E69F	SET-ARR-COF-22-SAN-DOR	B0BFK4LSLH
0I-M6SQ-YYO7	SET-ARR-COF-22-SAN-PLA	B0CF1CMG26
RC-ACHV-FVKX	SET-ARR-COF-22-SAN-PLA	B0BFL2ZFQN
UN-4O7B-FJ96	SET-ARR-22-DOR-SAN-COF-22-CHA-RED-DOR	B0CF187NFR
DZ-4DLR-XZUE	SET-ARR-22-PLA-SAN-COF-22-CHA-RED-PLA	B0CF1CCT1P
PY-CVMD-FI7W	NH-PERS-NOG-SIN-SAN-DOR	B0BVQFP85R
2W-B7K3-MMOK	NH-PERS-NOG-SIN-CEN-DOR	B0BVQFLTLQ
UT-6NDI-O3IP	NH-PERS-NOG-SIN-VBU-DOR	B0BVQKMXXP
69-ZYFY-S8JM	NH-PERS-ITA-CEN-PLA	B0CKB2N5TC
VH-YA15-JRHD	NH-PERS-ITA-CEN-PLA	B0BXHT289F
WR-03JD-YKTV	NH-PERS-ITA-CEN-PLA	B0B36QG6QW
W5-XH59-R1FN	NH-PERS-ITA-SAN-PLA	B0CKBJ8LCL
FP-7JR4-9LKM	NH-PERS-ITA-SAN-PLA	B0BXHTPKKN
5J-VRP9-WMNO	NH-PERS-ITA-SAN-PLA	B0B36PVSV8
EI-67PP-ARMD	NH-PERS-ITA-VBU-PLA	B0CKB2413S
YE-W20B-JW6U	NH-PERS-ITA-VBU-PLA	B0B36NHWY5
48-YDJB-SE8Z	NH-PERS-ITA-COR-PLA	B0CKBKK61Q
ID-CCI7-XGML	NH-PERS-ITA-CEN-DOR	B0B374R3LD
7Q-518K-IKVE	NH-PERS-ITA-VBU-DOR	B0B372XLPN
3D-7NIJ-3BGK	NH-PERS-ITA-SAN-DOR	B0B373F8NY
0U-9XQE-TTSU	NH-PERS-CAR-AZU-COR-PLA	B0B386NZ5P
8C-DSUH-IEB0	NH-PERS-CAR-AZU-COR-PLA	B0BXHT3VLT
F2-QTYV-7A5N	PERS-CAR-AZU-VCO-PLA	B0B384M2M8
DI-WWY8-M5MZ	NH-PERS-CAR-AZU-VBU-PLA	B0B384TBVR
81-FO38-9MTI	NH-PERS-CAR-AZU-CEN-PLA	B0B384ZDQS
YU-EPEN-SB3Y	PERS-CAR-AZU-VCO-DOR	B0B3846ZS4
FJ-D7Q9-0JA3	NH-PERS-CAR-AZU-CEN-DOR	B0B3855DVC
FZ-4QXB-23FK	NH-PERS-CAR-AZU-CEN-DOR	B0BXHS56ZH
0X-THNZ-4W2E	PERS-CAR-AZU-SAN-DOR	B0B384CRP7
GE-YXVC-R5BR	PERS-CAR-AZU-SAN-DOR	B0BXHV2D76
I5-0XZ9-12IO	NH-PERS-CAR-AZU-COR-DOR	B0B385L9QZ
PI-ILHD-JJYH	NH-PERS-CAR-AZU-VBU-DOR	B0B3846ZQQ
6A-371Z-S8XF	SET-ARR-COF-22-MAX-DOR	B0CF1B67CM
HQ-2UL8-XYFJ	SET-ARR-COF-22-MAX-PLA	B0CF1CF6NZ
Q7-0261-KZSQ	SET-ARR-COF-22-MAX-PLA	B0BFL347R9
ST-6WVN-A1JG	SET-ARR-22-DOR-MAX-COF-22-CHA-RED-DOR	B0CF18FJWR
34-43QX-C9NM	SET-ARR-22-PLA-MAX-COF-22-CHA-RED-PLA	B0CF1778F6
9V-OPKR-FY1O	SET-ARR-22-PLA-MAX-COF-22-CHA-RED-PLA	B0CJTFYZXC
W8-OBAE-HLLV	SET-ARR-22-DOR-MAX-COF-22-CHA-RED-DOR	B0CJTHY13F
GA-LSPK-IV7O	SET-PLA-M-SAN-DOR	B084B1CYCW
Y5-LP3V-DWL3	NH-NOG-VEN-SAN-DOR	B086M6YW3Y
UN-G9LH-KH5G	SET-ARR-22-DOR-SAN-COF-22-CHA-RED-DOR	B0B6S2ZMD8
OB-ZSBE-HCS7	SET-DIA-VCO-DOR	B0849KPBG9
2L-ZLFN-R9R5	NH-PLA-M-COR-DOR	B0849RF9PF
HI-SZH8-1ULP	NH-PLA-CH-CAMP-PLA	B086V9M5GQ
U0-455F-KA5M	NH-NOG-VEN-VBU-DOR	B086M8C52G
WX-H958-2A8M	NH-ITA-COR-DOR
T5-TQA3-5QM5	SET-ARR-22-PLA-SAN-COF-22-CHA-RED-PLA
DH-N1J8-6LGE	NH-PLA-CH-SAN-PLA
3G-66XE-4S83	SET-PLA-M-SAN-DOR
TV-ASOE-3CG2	NH-PLA-M-CEN-DOR
AJ-D8OP-CBXL	NH-PLA-M-VBU-DOR
7G-OD2T-WZC7	NH-ARR-22-DOR-MAX-COF-22-CHA-RED-DOR
1Q-EVYS-KZ4G	NH-CAR-ROJ-SAN-PLA
Y6-F23J-CQ7A	SET-SOLO-GAM-AZU-VCO-DOR
L3-Y2YN-IRYX	NH-ITA-VBU-DOR
VB-FY6G-OMOE	SET-PLA-M-VCO-DOR
1Y-7ITJ-9DQ9	NH-ARR-COF-22-MAX-DOR
EQ-3EBF-0HLM	NH-NOG-VEN-CEN-DOR	B086MFVJLP
YG-YR28-I1E9	NH-GAM-NEG-MAX-PLA	B0851STPR8
NA-15WK-8U1A	NH-GAM-NEG-PESETA-PLA	B0851T6TH9
L2-N1V2-3RZG	NH-NOG-VEN-PESETA-DOR	B086M97TDL
KQ-5BXO-THDH	NH-GAM-NEG-COR-PLA	B0851SSBL6
