meli	NH-CAR-AZU-VBU-DOR	MLM2163404350	MLM
meli	NH-CAR-AZU-COR-DOR	MLM2163404350	MLM
meli	NH-CAR-AZU-CEN-PLA	MLM1890605671	MLM
meli	NH-CAR-AZU-VBU-PLA	MLM1890605671	MLM
meli	NH-CAR-AZU-COR-PLA	MLM1890605671	MLM
meli	NH-PLA-CH-VCO-DOR	MLM2154113682	MLM
meli	NH-PLA-CH-CEN-DOR	MLM2154113682	MLM
meli	NH-PLA-CH-SAN-DOR	MLM2154113682	MLM
meli	NH-PLA-CH-VBU-DOR	MLM2154113682	MLM
meli	NH-PLA-CH-COR-DOR	MLM2154113682	MLM
meli	NH-CAR-BLA-CEN-DOR	MLM2163407464	MLM
meli	NH-CAR-BLA-SAN-DOR	MLM2163407464	MLM
meli	NH-CAR-BLA-VCO-DOR	MLM2163407464	MLM
meli	NH-CAR-BLA-VBU-DOR	MLM2163407464	MLM
meli	NH-CAR-BLA-COR-DOR	MLM2163407464	MLM
meli	NH-CAR-BLA-PEZ-DOR	MLM2163407464	MLM
meli	SET-CAR-AZU-PEZ-DOR	MLM2163404350	MLM
meli	NH-CAR-BLA-CEN-PLA	MLM1890653227	MLM
meli	NH-CAR-BLA-SAN-PLA	MLM1890653227	MLM
meli	NH-CAR-BLA-VCO-PLA	MLM1890653227	MLM
meli	NH-CAR-BLA-VBU-PLA	MLM1890653227	MLM
meli	NH-CAR-BLA-COR-PLA	MLM1890653227	MLM
meli	NH-CAR-BLA-PEZ-PLA	MLM1890653227	MLM
meli	NH-CAR-ROJ-CEN-DOR	MLM1890586139	MLM
meli	NH-CAR-ROJ-SAN-DOR	MLM1890586139	MLM
meli	NH-CAR-ROJ-VCO-DOR	MLM1890586139	MLM
meli	NH-CAR-ROJ-VBU-DOR	MLM1890586139	MLM
meli	NH-CAR-ROJ-COR-DOR	MLM1890586139	MLM
meli	NH-CAR-ROJ-PEZ-DOR	MLM1890586139	MLM
meli	NH-NOG-VEN-CEN-PLA	MLM1890562805	MLM
meli	NH-NOG-VEN-VBU-PLA	MLM1890562805	MLM
meli	NH-NOG-VEN-COR-PLA	MLM1890562805	MLM
meli	NH-NOG-VEN-CEN-DOR	MLM1890540229	MLM
meli	NH-NOG-VEN-VBU-DOR	MLM1890540229	MLM
meli	NH-NOG-VEN-COR-DOR	MLM1890540229	MLM
meli	SET-NOG-VEN-PEZ-DOR	MLM1890540229	MLM
meli	NH-EUM-BLA-CEN-DOR	MLM1890080447	MLM
meli	SET-EUM-BLA-SAN-DOR	MLM1890080447	MLM
meli	SET-EUM-BLA-VCO-DOR	MLM1890080447	MLM
meli	NH-EUM-BLA-VBU-DOR	MLM1890080447	MLM
meli	NH-EUM-BLA-COR-DOR	MLM1890080447	MLM
meli	SET-EUM-BLA-PEZ-DOR	MLM1890080447	MLM
meli	NH-SOLO-CAR-AZU-CEN-DOR	MLM3010253470	MLM
meli	NH-SOLO-CAR-AZU-COR-DOR	MLM3010253470	MLM
meli	SET-SOLO-CAR-AZU-SAN-DOR	MLM3010253470	MLM
meli	NH-SOLO-CAR-AZU-VBU-DOR	MLM3010253470	MLM
meli	SET-SOLO-CAR-AZU-VCO-DOR	MLM3010253470	MLM
meli	SET-SOLO-CAR-AZU-PEZ-DOR	MLM3010253470	MLM
meli	NH-SOLO-CAR-AZU-CEN-PLA	MLM3010335544	MLM
meli	NH-SOLO-CAR-AZU-COR-PLA	MLM3010335544	MLM
meli	SET-SOLO-CAR-AZU-SAN-PLA	MLM3010335544	MLM
meli	NH-SOLO-CAR-AZU-VBU-PLA	MLM3010335544	MLM
meli	SET-SOLO-CAR-AZU-VCO-PLA	MLM3010335544	MLM
meli	SET-SOLO-CAR-AZU-PEZ-PLA	MLM3010335544	MLM
meli	NH-SOLO-CAR-BLC-CEN-PLA	MLM3014267840	MLM
meli	NH-SOLO-CAR-BLC-COR-PLA	MLM3014267840	MLM
meli	NH-SOLO-CAR-BLC-SAN-PLA	MLM3014267840	MLM
meli	NH-SOLO-CAR-BLC-VBU-PLA	MLM3014267840	MLM
meli	NH-SOLO-CAR-BLC-VCO-PLA	MLM3014267840	MLM
meli	NH-SOLO-CAR-BLC-PEZ-PLA	MLM3014267840	MLM
meli	NH-SOLO-CAR-ROJ-CEN-DOR	MLM2053389477	MLM
meli	NH-SOLO-CAR-ROJ-COR-DOR	MLM2053389477	MLM
meli	NH-SOLO-CAR-ROJ-SAN-DOR	MLM2053389477	MLM
meli	NH-SOLO-CAR-ROJ-VBU-DOR	MLM2053389477	MLM
meli	NH-SOLO-CAR-ROJ-VCO-DOR	MLM2053389477	MLM
meli	NH-SOLO-CAR-ROJ-PEZ-DOR	MLM2053389477	MLM
meli	NH-CAR-AZU-REP-CEN-DOR	MLM3249024532	MLM
meli	NH-CAR-AZU-REP-COR-DOR	MLM3249024532	MLM
meli	SET-CAR-AZU-REP-SAN-DOR	MLM3249024532	MLM
meli	NH-CAR-AZU-REP-VBU-DOR	MLM3249024532	MLM
meli	SET-CAR-AZU-REP-VCO-DOR	MLM3249024532	MLM
meli	SET-CAR-AZU-REP-PEZ-DOR	MLM3249024532	MLM
meli	NH-CAO-CEN-PLA	MLM4616310354	MLM
meli	NH-CAO-COR-PLA	MLM4616310354	MLM
meli	SET-CAO-SAN-PLA	MLM4616310354	MLM
meli	SET-CAO-PEZ-PLA	MLM4616310354	MLM
meli	NH-CAO-VBU-PLA	MLM4616310354	MLM
meli	SET-CAO-VCO-PLA	MLM4616310354	MLM
meli	NH-SOLO-CAR-ROJ-CEN-PLA	MLM4733816040	MLM
meli	NH-SOLO-CAR-ROJ-COR-PLA	MLM4733816040	MLM
meli	NH-SOLO-CAR-ROJ-SAN-PLA	MLM4733816040	MLM
meli	NH-SOLO-CAR-ROJ-PEZ-PLA	MLM4733816040	MLM
meli	NH-SOLO-CAR-ROJ-VBU-PLA	MLM4733816040	MLM
meli	NH-SOLO-CAR-ROJ-VCO-PLA	MLM4733816040	MLM
meli	NH-SOLO-CAR-BLC-CEN-DOR	MLM4733803966	MLM
meli	NH-SOLO-CAR-BLC-COR-DOR	MLM4733803966	MLM
meli	NH-SOLO-CAR-BLC-SAN-DOR	MLM4733803966	MLM
meli	NH-SOLO-CAR-BLC-PEZ-DOR	MLM4733803966	MLM
meli	NH-SOLO-CAR-BLC-VBU-DOR	MLM4733803966	MLM
meli	NH-SOLO-CAR-BLC-VCO-DOR	MLM4733803966	MLM
meli	NH-CAR-ROJ-CEN-PLA	MLM2723893163	MLM
meli	NH-CAR-ROJ-COR-PLA	MLM2723893163	MLM
meli	NH-CAR-ROJ-SAN-PLA	MLM2723893163	MLM
meli	NH-CAR-ROJ-PEZ-PLA	MLM2723893163	MLM
meli	NH-CAR-ROJ-VBU-PLA	MLM2723893163	MLM
meli	NH-CAR-ROJ-VCO-PLA	MLM2723893163	MLM
meli	NH-BLA-BRO-CEN-DOR	MLM4735255462	MLM
meli	NH-BLA-BRO-COR-DOR	MLM4735255462	MLM
meli	NH-BLA-BRO-SAN-DOR	MLM4735255462	MLM
meli	NH-BLA-BRO-PEZ-DOR	MLM4735255462	MLM
meli	NH-BLA-BRO-VBU-DOR	MLM4735255462	MLM
meli	NH-BLA-BRO-VCO-DOR	MLM4735255462	MLM
meli	NH-ITA-CEN-DOR	MLM4734057258	MLM
meli	NH-ITA-COR-DOR	MLM4734057258	MLM
meli	NH-ITA-SAN-DOR	MLM4734057258	MLM
meli	NH-ITA-PEZ-DOR	MLM4734057258	MLM
meli	NH-ITA-VBU-DOR	MLM4734057258	MLM
meli	NH-ITA-VCO-DOR	MLM4734057258	MLM
meli	NH-ITA-CEN-PLA	MLM2724304859	MLM
meli	NH-ITA-COR-PLA	MLM2724304859	MLM
meli	NH-ITA-SAN-PLA	MLM2724304859	MLM
meli	NH-ITA-PEZ-PLA	MLM2724304859	MLM
meli	NH-ITA-VBU-PLA	MLM2724304859	MLM
meli	NH-ITA-VCO-PLA	MLM2724304859	MLM
meli	NH-CAR-AZU-REP-CEN-PLA	MLM2724173559	MLM
meli	NH-CAR-AZU-REP-COR-PLA	MLM2724173559	MLM
meli	SET-CAR-AZU-REP-SAN-PLA	MLM2724173559	MLM
meli	SET-CAR-AZU-REP-PEZ-PLA	MLM2724173559	MLM
meli	NH-CAR-AZU-REP-VBU-PLA	MLM2724173559	MLM
meli	SET-CAR-AZU-REP-VCO-PLA	MLM2724173559	MLM
meli	NH-BLA-BRO-CEN-PLA	MLM4736345526	MLM
meli	NH-BLA-BRO-COR-PLA	MLM4736345526	MLM
meli	NH-BLA-BRO-SAN-PLA	MLM4736345526	MLM
meli	NH-BLA-BRO-VBU-PLA	MLM4736345526	MLM
meli	NH-BLA-BRO-VCO-PLA	MLM4736345526	MLM
meli	NH-BLA-BRO-PEZ-PLA	MLM4736345526	MLM
meli	NH-SOLO-GAM-AZU-CEN-DOR	MLM2727488085	MLM
meli	NH-SOLO-GAM-AZU-COR-DOR	MLM2727488085	MLM
meli	NH-SOLO-GAM-AZU-VBU-DOR	MLM2727488085	MLM
meli	NH-GAM-AZU-CEN-PLA	MLM2727437671	MLM
meli	NH-GAM-AZU-COR-PLA	MLM2727437671	MLM
meli	NH-GAM-AZU-SAN-PLA	MLM2727437671	MLM
meli	NH-GAM-AZU-VBU-PLA	MLM2727437671	MLM
meli	NH-GAM-AZU-VCO-PLA	MLM2727437671	MLM
meli	NH-GAM-AZU-PEZ-PLA	MLM2727437671	MLM
meli	NH-GAM-NEG-CEN-DOR	MLM2727363007	MLM
meli	NH-GAM-NEG-COR-DOR	MLM2727363007	MLM
meli	NH-GAM-NEG-SAN-DOR	MLM2727363007	MLM
meli	NH-GAM-NEG-VBU-DOR	MLM2727363007	MLM
meli	NH-GAM-NEG-VCO-DOR	MLM2727363007	MLM
meli	NH-GAM-NEG-PEZ-DOR	MLM2727363007	MLM
meli	NH-GAM-AZU-CEN-DOR	MLM2727328203	MLM
meli	NH-GAM-AZU-COR-DOR	MLM2727328203	MLM
meli	NH-GAM-AZU-SAN-DOR	MLM2727328203	MLM
meli	NH-GAM-AZU-VBU-DOR	MLM2727328203	MLM
meli	NH-GAM-AZU-VCO-DOR	MLM2727328203	MLM
meli	NH-GAM-AZU-PEZ-DOR	MLM2727328203	MLM
meli	NH-SOLO-GAM-AZU-CEN-PLA	MLM2727257503	MLM
meli	NH-SOLO-GAM-AZU-COR-PLA	MLM2727257503	MLM
meli	NH-SOLO-GAM-AZU-VBU-PLA	MLM2727257503	MLM
meli	NH-SOLO-GAM-NEG-CEN-PLA	MLM4749745832	MLM
meli	NH-SOLO-GAM-NEG-COR-PLA	MLM4749745832	MLM
meli	NH-SOLO-GAM-NEG-VBU-PLA	MLM4749745832	MLM
meli	NH-GAM-NEG-CEN-PLA	MLM4749600210	MLM
meli	NH-GAM-NEG-COR-PLA	MLM4749600210	MLM
meli	NH-GAM-NEG-SAN-PLA	MLM4749600210	MLM
meli	NH-GAM-NEG-VBU-PLA	MLM4749600210	MLM
meli	NH-GAM-NEG-VCO-PLA	MLM4749600210	MLM
meli	NH-GAM-NEG-PEZ-PLA	MLM4749600210	MLM
meli	NH-SOLO-GAM-NEG-CEN-DOR	MLM4749562406	MLM
meli	NH-SOLO-GAM-NEG-COR-DOR	MLM4749562406	MLM
meli	NH-SOLO-GAM-NEG-VBU-DOR	MLM4749562406	MLM
meli	NH-SOLO-EUR-CH-VIN-CEN-DOR	MLM4761614056	MLM
meli	NH-SOLO-EUR-CH-VIN-COR-DOR	MLM4761614056	MLM
meli	NH-SOLO-EUR-CH-VIN-VBU-DOR	MLM4761614056	MLM
meli	SET-SOLO-EUR-CH-VIN-VCO-DOR	MLM4761614056	MLM
meli	SET-SOLO-EUR-CH-VIN-PEZ-DOR	MLM4761614056	MLM
meli	NH-ECH-CEN-PLA	MLM4761545076	MLM
meli	NH-ECH-COR-PLA	MLM4761545076	MLM
meli	NH-ECH-VBU-PLA	MLM4761545076	MLM
meli	SET-ECH-PEZ-PLA	MLM4761545076	MLM
meli	NH-ECH-CEN-DOR	MLM2735443771	MLM
meli	NH-ECH-COR-DOR	MLM2735443771	MLM
meli	NH-ECH-VBU-DOR	MLM2735443771	MLM
meli	SET-ECH-PEZ-DOR	MLM2735443771	MLM
meli	NH-CAR-AZU-CEN-DOR	MLM2163404350	MLM
meli	SET-CAR-AZU-SAN-DOR	MLM2163404350	MLM
meli	SET-CAR-AZU-VCO-DOR	MLM2163404350	MLM
meli	SET-CAR-AZU-PEZ-PLA	MLM1890605671	MLM
meli	NH-CAO-CEN-DOR	MLM1890527451	MLM
meli	SET-CAO-SAN-DOR	MLM1890527451	MLM
meli	SET-CAO-VCO-DOR	MLM1890527451	MLM
meli	NH-CAO-VBU-DOR	MLM1890527451	MLM
meli	NH-CAO-COR-DOR	MLM1890527451	MLM
meli	SET-CAO-PEZ-DOR	MLM1890527451	MLM
meli	NH-NOG-VEN-SAN-DOR	MLM1890540229	MLM
meli	NH-NOG-VEN-VCO-DOR	MLM1890540229	MLM
meli	NH-NOG-VEN-SAN-PLA	MLM1890562805	MLM
meli	NH-NOG-VEN-VCO-PLA	MLM1890562805	MLM
meli	SET-CAR-AZU-SAN-PLA	MLM1890605671	MLM
meli	SET-CAR-AZU-VCO-PLA	MLM1890605671	MLM
meli	NH-SOLO-GAM-AZU-CEN-PLA	MLM2028581351	MLM
meli	NH-SOLO-GAM-AZU-COR-PLA	MLM2028581351	MLM
meli	SET-SOLO-GAM-AZU-SAN-PLA	MLM2028581351	MLM
meli	NH-SOLO-GAM-AZU-VBU-PLA	MLM2028581351	MLM
meli	SET-SOLO-GAM-AZU-VCO-PLA	MLM2028581351	MLM
meli	NH-PLA-M-CEN-PLA	MLM2158744542	MLM
meli	SET-PLA-M-SAN-PLA	MLM2158744542	MLM
meli	SET-PLA-M-VCO-PLA	MLM2158744542	MLM
meli	NH-PLA-M-VBU-PLA	MLM2158744542	MLM
meli	NH-PLA-M-COR-PLA	MLM2158744542	MLM
meli	SET-PLA-M-PEZ-PLA	MLM2158744542	MLM
meli	SET-SOLO-GAM-AZU-SAN-DOR	MLM2727488085	MLM
meli	SET-SOLO-GAM-AZU-VCO-DOR	MLM2727488085	MLM
meli	SET-SOLO-GAM-AZU-PEZ-DOR	MLM2727488085	MLM
meli	NH-ECH-SAN-DOR	MLM2735443771	MLM
meli	NH-ECH-VCO-DOR	MLM2735443771	MLM
meli	NH-SOLO-EUR-CH-VIN-CEN-PLA	MLM2735855869	MLM
meli	NH-SOLO-EUR-CH-VIN-COR-PLA	MLM2735855869	MLM
meli	SET-SOLO-EUR-CH-VIN-SAN-PLA	MLM2735855869	MLM
meli	NH-SOLO-EUR-CH-VIN-VBU-PLA	MLM2735855869	MLM
meli	SET-SOLO-EUR-CH-VIN-VCO-PLA	MLM2735855869	MLM
meli	SET-SOLO-EUR-CH-VIN-PEZ-PLA	MLM2735855869	MLM
meli	NH-EUR-VIN-M-REP-CEN-PLA	MLM2735888029	MLM
meli	NH-EUR-VIN-M-REP-COR-PLA	MLM2735888029	MLM
meli	SET-EUR-VIN-M-REP-SAN-PLA	MLM2735888029	MLM
meli	SET-EUR-VIN-M-REP-PEZ-PLA	MLM2735888029	MLM
meli	NH-EUR-VIN-M-REP-VBU-PLA	MLM2735888029	MLM
meli	SET-EUR-VIN-M-REP-VCO-PLA	MLM2735888029	MLM
meli	NH-EUR-VIN-M-REP-CEN-DOR	MLM2735912253	MLM
meli	NH-EUR-VIN-M-REP-COR-DOR	MLM2735912253	MLM
meli	SET-EUR-VIN-M-REP-SAN-DOR	MLM2735912253	MLM
meli	SET-EUR-VIN-M-REP-PEZ-DOR	MLM2735912253	MLM
meli	NH-EUR-VIN-M-REP-VBU-DOR	MLM2735912253	MLM
meli	SET-EUR-VIN-M-REP-VCO-DOR	MLM2735912253	MLM
meli	NH-EUM-VIN-CEN-DOR	MLM2735985645	MLM
meli	NH-EUM-VIN-COR-DOR	MLM2735985645	MLM
meli	SET-EUM-VIN-SAN-DOR	MLM2735985645	MLM
meli	NH-EUM-VIN-VBU-DOR	MLM2735985645	MLM
meli	SET-EUM-VIN-VCO-DOR	MLM2735985645	MLM
meli	SET-EUM-VIN-PEZ-DOR	MLM2735985645	MLM
meli	NH-EUM-VIN-CEN-PLA	MLM2736115339	MLM
meli	NH-EUM-VIN-COR-PLA	MLM2736115339	MLM
meli	SET-EUM-VIN-SAN-PLA	MLM2736115339	MLM
meli	SET-EUM-VIN-PEZ-PLA	MLM2736115339	MLM
meli	NH-EUM-VIN-VBU-PLA	MLM2736115339	MLM
meli	SET-EUM-VIN-VCO-PLA	MLM2736115339	MLM
meli	NH-EUM-BLA-CEN-PLA	MLM2737034243	MLM
meli	NH-EUM-BLA-COR-PLA	MLM2737034243	MLM
meli	SET-EUM-BLA-SAN-PLA	MLM2737034243	MLM
meli	SET-EUM-BLA-PEZ-PLA	MLM2737034243	MLM
meli	NH-EUM-BLA-VBU-PLA	MLM2737034243	MLM
meli	SET-EUM-BLA-VCO-PLA	MLM2737034243	MLM
meli	NH-ARR-22-DOR-CEN-COF-22-CHA-RED-DOR	MLM3249053848	MLM
meli	NH-ARR-22-DOR-COR-COF-22-CHA-RED-DOR	MLM3249053848	MLM
meli	SET-ARR-22-DOR-SAN-COF-22-CHA-RED-DOR	MLM3249053848	MLM
meli	NH-ARR-22-DOR-VBU-COF-22-CHA-RED-DOR	MLM3249053848	MLM
meli	SET-ARR-22-DOR-VCO-COF-22-CHA-RED-DOR	MLM3249053848	MLM
meli	SET-ARR-22-DOR-PEZ-COF-22-CHA-RED-DOR	MLM3249053848	MLM
meli	NH-ARR-COF-22-CEN-PLA	MLM3249055236	MLM
meli	NH-ARR-COF-22-COR-PLA	MLM3249055236	MLM
meli	SET-ARR-COF-22-SAN-PLA	MLM3249055236	MLM
meli	NH-ARR-COF-22-VBU-PLA	MLM3249055236	MLM
meli	SET-ARR-COF-22-VCO-PLA	MLM3249055236	MLM
meli	SET-ARR-COF-22-PEZ-PLA	MLM3249055236	MLM
meli	NH-ARR-22-PLA-CEN-COF-22-CHA-RED-PLA	MLM3249067064	MLM
meli	NH-ARR-22-PLA-COR-COF-22-CHA-RED-PLA	MLM3249067064	MLM
meli	SET-ARR-22-PLA-SAN-COF-22-CHA-RED-PLA	MLM3249067064	MLM
meli	NH-ARR-22-PLA-VBU-COF-22-CHA-RED-PLA	MLM3249067064	MLM
meli	SET-ARR-22-PLA-VCO-COF-22-CHA-RED-PLA	MLM3249067064	MLM
meli	SET-ARR-22-PLA-PEZ-COF-22-CHA-RED-PLA	MLM3249067064	MLM
meli	NH-ARR-COF-22-CEN-DOR	MLM3249118014	MLM
meli	NH-ARR-COF-22-COR-DOR	MLM3249118014	MLM
meli	SET-ARR-COF-22-SAN-DOR	MLM3249118014	MLM
meli	NH-ARR-COF-22-VBU-DOR	MLM3249118014	MLM
meli	SET-ARR-COF-22-VCO-DOR	MLM3249118014	MLM
meli	SET-ARR-COF-22-PEZ-DOR	MLM3249118014	MLM
meli	SET-SOLO-GAM-NEG-SAN-DOR	MLM4749562406	MLM
meli	SET-SOLO-GAM-NEG-VCO-DOR	MLM4749562406	MLM
meli	SET-SOLO-GAM-NEG-PEZ-DOR	MLM4749562406	MLM
meli	SET-SOLO-GAM-NEG-SAN-PLA	MLM4749745832	MLM
meli	SET-SOLO-GAM-NEG-VCO-PLA	MLM4749745832	MLM
meli	SET-SOLO-GAM-NEG-PEZ-PLA	MLM4749745832	MLM
meli	NH-ECH-SAN-PLA	MLM4761545076	MLM
meli	NH-ECH-VCO-PLA	MLM4761545076	MLM
meli	NH-SOLO-PLA-CH-CEN-PLA	MLM4763554298	MLM
meli	NH-SOLO-PLA-CH-COR-PLA	MLM4763554298	MLM
meli	SET-SOLO-PLA-CH-SAN-PLA	MLM4763554298	MLM
meli	NH-SOLO-PLA-CH-VBU-PLA	MLM4763554298	MLM
meli	SET-SOLO-PLA-CH-VCO-PLA	MLM4763554298	MLM
meli	SET-SOLO-PLA-CH-PEZ-PLA	MLM4763554298	MLM
meli	NH-PLA-CH-CEN-PLA	MLM4763716652	MLM
meli	NH-PLA-CH-COR-PLA	MLM4763716652	MLM
meli	NH-PLA-CH-SAN-PLA	MLM4763716652	MLM
meli	NH-PLA-CH-VBU-PLA	MLM4763716652	MLM
meli	NH-PLA-CH-VCO-PLA	MLM4763716652	MLM
meli	NH-PLA-CH-PEZ-PLA	MLM4763716652	MLM
meli	NH-SOLO-PLA-CH-CEN-DOR	MLM4763786382	MLM
meli	NH-SOLO-PLA-CH-COR-DOR	MLM4763786382	MLM
meli	SET-SOLO-PLA-CH-SAN-DOR	MLM4763786382	MLM
meli	NH-SOLO-PLA-CH-VBU-DOR	MLM4763786382	MLM
meli	SET-SOLO-PLA-CH-VCO-DOR	MLM4763786382	MLM
meli	SET-SOLO-PLA-CH-PEZ-DOR	MLM4763786382	MLM
meli	NH-PLA-M-CEN-DOR	MLM4766746790	MLM
meli	NH-PLA-M-COR-DOR	MLM4766746790	MLM
meli	SET-PLA-M-SAN-DOR	MLM4766746790	MLM
meli	SET-PLA-M-PEZ-DOR	MLM4766746790	MLM
meli	NH-PLA-M-VBU-DOR	MLM4766746790	MLM
meli	SET-PLA-M-VCO-DOR	MLM4766746790	MLM
meli	NH-DIA-CEN-DOR	MLM4773834354	MLM
meli	NH-DIA-COR-DOR	MLM4773834354	MLM
meli	SET-DIA-SAN-DOR	MLM4773834354	MLM
meli	SET-DIA-PEZ-DOR	MLM4773834354	MLM
meli	NH-DIA-VBU-DOR	MLM4773834354	MLM
meli	SET-DIA-VCO-DOR	MLM4773834354	MLM
meli	NH-DIA-COR-PLA	MLM4773847938	MLM
meli	SET-DIA-SAN-PLA	MLM4773847938	MLM
meli	SET-DIA-PEZ-PLA	MLM4773847938	MLM
meli	NH-DIA-VBU-PLA	MLM4773847938	MLM
meli	SET-DIA-VCO-PLA	MLM4773847938	MLM
meli	SET-SOLO-EUR-CH-VIN-SAN-DOR	MLM4761614056	MLM
meli	NH-DIA-CEN-PLA	MLM4773847938	MLM
meli	NH-SOLO-GAM-AZU-SAN-PLA	MLM2727257503	MLM
meli	NH-SOLO-GAM-AZU-VCO-PLA	MLM2727257503	MLM
meli	SET-SOLO-GAM-AZU-PEZ-PLA	MLM2028581351	MLM
meli	NH-ITA-CEN-DOR	MLM2787930515	MLM
meli	NH-ITA-CEN-DOR	MLM2787902225	MLM
meli	NH-ITA-PEZ-DOR	MLM5209074728	MLM
meli	SET-NOG-VEN-PEZ-PLA	MLM1890562805	MLM
meli	SET-SOLO-GAM-NEG-VCO-PLA	MLM2930596017	MLM
meli	SET-SOLO-GAM-NEG-PEZ-PLA	MLM2930546645	MLM
meli	NH-ITA-SAN-DOR	MLM2874387239	MLM
meli	NH-ITA-CEN-DOR	MLM2874375637	MLM
meli	NH-ITA-COR-DOR	MLM2874368629	MLM
meli	NH-ITA-VCO-DOR	MLM2874368627	MLM
meli	NH-ITA-VBU-DOR	MLM2874368625	MLM
meli	SET-CAR-AZU-PEZ-DOR	MLM5164542994	MLM
meli	NH-CAR-AZU-COR-DOR	MLM5164542992	MLM
meli	SET-CAR-AZU-VCO-DOR	MLM5164542990	MLM
meli	SET-CAR-AZU-SAN-DOR	MLM5164542988	MLM
meli	NH-CAR-AZU-VBU-DOR	MLM5164542986	MLM
meli	NH-CAR-AZU-CEN-DOR	MLM5164542984	MLM
meli	NH-SOLO-GAM-NEG-COR-PLA	MLM2930596015	MLM
meli	NH-SOLO-GAM-NEG-CEN-PLA	MLM2930558573	MLM
meli	NH-SOLO-GAM-NEG-VBU-PLA	MLM2930546643	MLM
meli	SET-SOLO-GAM-NEG-SAN-PLA	MLM2930546641	MLM
