amazon_mx|B0BXCN6K33|DX-WO2W-ZOD4
amazon_mx|B0849KPBG9|OB-ZSBE-HCS7
amazon_mx|B0849LPW2V|AJ-D8OP-CBXL
amazon_mx|B0849MTQ1D|TV-ASOE-3CG2
amazon_mx|B0849RF9PF|2L-ZLFN-R9R5
amazon_mx|B084B18416|VB-FY6G-OMOE
amazon_mx|B084B1CYCW|GA-LSPK-IV7O
amazon_mx|B0851SXVXJ|1Q-EVYS-KZ4G
amazon_mx|B085VJ8DVX|4A-REHV-WQ36
amazon_mx|B086M31F8H|9U-IM2D-W4BH
amazon_mx|B086M6LV6F|7Q-22PZ-CT73
amazon_mx|B086M6YW3Y|Y5-LP3V-DWL3
amazon_mx|B086M87DTS|J6-FE99-G67K
amazon_mx|B086M8C52G|U0-455F-KA5M
amazon_mx|B086M9DNKK|U0-W8C9-ST2P
amazon_mx|B086MNQNYS|SR-7OU2-N3EG
amazon_mx|B086MNR6DH|1W-L3CX-P8A6
amazon_mx|B086MP8TJG|1J-8B50-YY64
amazon_mx|B086MPDYNX|P1-NULO-VX9V
amazon_mx|B086QC5PWX|1N-LPPP-KR9C
amazon_mx|B086QCPMT3|NT-NAY3-85H8
amazon_mx|B086QCPWSP|IN-TBB3-KL2V
amazon_mx|B086QDKCPQ|ED-ZP9M-NFQR
amazon_mx|B086TVLJ43|DH-N1J8-6LGE
amazon_mx|B086V9M5GQ|HI-SZH8-1ULP
amazon_mx|B0877XXNR5|WL-WJTK-PE3X
amazon_mx|B08NSJH5RX|2F-SLPW-KLHJ
amazon_mx|B08NST8LNS|H2-ZI6Z-3GQQ
amazon_mx|B08NT1YSBJ|YJ-4TKU-86K5
amazon_mx|B08NTBVTBM|1T-T1QG-6610
amazon_mx|B08NTBY186|XA-3K2X-O4FP
amazon_mx|B08NTD3716|1B-R34T-1VZ5
amazon_mx|B09DJC3G6J|KR-ABSX-583M
amazon_mx|B09DJMYB9Z|H3-4EM5-RS1Q
amazon_mx|B09DJQBFDQ|IJ-L6WR-HSNY
amazon_mx|B09DJRCZ28|NF-Q037-UXP2
amazon_mx|B09DJSGTLL|T6-OF1W-1N6J
amazon_mx|B09DK1X6WB|O2-6H06-O2CI
amazon_mx|B09DK2TXM3|8T-02AR-7KP7
amazon_mx|B09DK5J1M1|EI-RBOM-7B96
amazon_mx|B09DK6ZFJH|D0-KYU5-58K9
amazon_mx|B09DK8MWVJ|LN-0P06-UN8O
amazon_mx|B09DK8NN1T|Q3-RLC0-7RNW
amazon_mx|B09DK9K2RC|EE-ZBFM-K7SA
amazon_mx|B09DKFSMZ3|9O-8F1H-F6BJ
amazon_mx|B09DKFVNJC|12-P13M-IHF9
amazon_mx|B09DKFXKGL|Z1-A7V3-AVC3
amazon_mx|B09LLKKMRW|SE-PWPS-CCRP
amazon_mx|B09LLP8FR7|DG-4IBT-6XZA
amazon_mx|B09LM7HXZR|5B-YTEM-PBR2
amazon_mx|B09M5QRPZ9|Z7-KIL2-Q9FA
amazon_mx|B09M5SV58W|3O-929O-JIOU
amazon_mx|B09M5V1TYP|1F-OSCN-XRMR
amazon_mx|B09M5Z9SPG|TX-FVN6-JBH6
amazon_mx|B09M642GSX|RE-WVJN-FYQJ
amazon_mx|B09M6MNH1H|EE-PVSE-RMAZ
amazon_mx|B09PYM8QR3|Y1-TG1F-AGVA
amazon_mx|B09PYNPZL1|9H-RO3W-KI8Y
amazon_mx|B09PYQP7LH|JV-AABK-ZJG3
amazon_mx|B09Q86Q7L9|BP-0AP0-PC9H
amazon_mx|B09Q88CGY5|9X-LA4S-Y77Q
amazon_mx|B09Q8C5XN5|Q0-YIBM-IP8I
amazon_mx|B0B2V7MRC6|OH-NDX9-CENZ
amazon_mx|B0B2VH74LV|9M-ULI8-YE1L
amazon_mx|B0B2VKWCG6|TR-F1VH-BX11
amazon_mx|B0BG4D3MFH|C1-Q1PO-M73C
amazon_mx|B0BG4G3KTN|8V-TNEI-9VH5
amazon_mx|B0BG4GKHQT|0J-W71Z-AYV0
amazon_mx|B0BG7V393W|0Y-K77R-F4E2
amazon_mx|B0BGBS2Q1N|AM-2LWU-HPUV
amazon_mx|B0BGBVXXZG|0E-HPK5-9K3I
amazon_mx|B0BGBWP1CT|GA-8B6D-9PIG
amazon_mx|B0BGCTZPJ4|C7-ZQAE-QP26
amazon_mx|B0BGCVR8K7|II-AXIL-Q6IX
amazon_mx|B0BGCVX4QJ|17-QXDL-PB6O
amazon_mx|B0BGCWM9Y2|S4-0812-Z792
amazon_mx|B0BGCX221F|EL-OL1V-D3PW
amazon_mx|B0BGCXCL4V|1X-3R3K-FQCA
amazon_mx|B0BGCXRFXJ|P6-3WMI-CTBS
amazon_mx|B0BGCZD2G1|VC-YO9D-VAMG
amazon_mx|B0BGCZHLSP|K1-6Q03-NHTS
amazon_mx|B0BGDGLMVT|EC-Y20I-LV38
amazon_mx|B0BGDGVCTN|5I-D336-ARBI
amazon_mx|B0BGDJ4LW1|S0-0C2J-JJ6V
amazon_mx|B0BHCR13Q1|JV-YZ7F-9H9T
amazon_mx|B0BHCSP6CK|6T-6EU2-WJGL
amazon_mx|B0BHCY1JC1|0P-82Z8-YXD7
amazon_mx|B0BLMF5VXT|DL-1AP2-HGA9
amazon_mx|B0BLMHQ7TG|NO-501T-PVXP
amazon_mx|B0BLMJ9S8V|PF-3K6H-JFVX
amazon_mx|B0BX8RF8Y5|N3-DU6U-62T8
amazon_mx|B0BX8SVQVZ|9X-BG1Y-LE0D
amazon_mx|B0BX8SYV62|8V-H317-IM6F
amazon_mx|B0BX8SZ1DZ|FF-U998-C4IQ
amazon_mx|B0BX8TD2J6|KO-E8GU-5BO9
amazon_mx|B0BX8THFRN|OL-DD6O-JZU2
amazon_mx|B0BX8V19LM|9V-QBQ1-C7YF
amazon_mx|B0BX8V36WP|CK-WXB6-2WC2
amazon_mx|B0BX8V7MB7|D2-KL09-H6IP
amazon_mx|B0BX8VT8FR|9L-URD9-1LNC
amazon_mx|B0BX8VZQQP|RQ-W5JF-8V57
amazon_mx|B0BX8W92B5|U9-IECH-3QIP
amazon_mx|B0BX8WT8VL|SX-0BNB-ZBDX
amazon_mx|B0BX8X7P9R|6B-HNGJ-28ZC
amazon_mx|B0BX8X9GDH|EU-9S0E-JZXK
amazon_mx|B0BX8XVXXS|FY-ICOA-1N60
amazon_mx|B0BX8Y8BJ9|8P-6SQS-B79F
amazon_mx|B0BX8YT3NK|LW-YF9R-6TYL
amazon_mx|B0BX8YWFD6|5Y-P50D-3XIL
amazon_mx|B0BX8YWRDH|PJ-RBIA-BRW0
amazon_mx|B0BX8YY5SX|ZS-UBMB-TV7W
amazon_mx|B0BX8Z4QMR|GD-XBC3-YIHX
amazon_mx|B0BX8Z9YCL|U1-O6CK-8CIM
amazon_mx|B0BX8ZGC38|GV-A9YS-EWMX
amazon_mx|B0BX8ZRB35|Y6-MRJK-ULB2
amazon_mx|B0BX8ZSN2D|DC-H8LG-NATY
amazon_mx|B0BX8ZVXBH|5Y-Q2HB-NIJZ
amazon_mx|B0BX8ZXPP3|JP-TVAI-F3VD
amazon_mx|B0BX91L7B4|QZ-3F3X-JCEN
amazon_mx|B0BX91L8GN|01-5LZU-V9KZ
amazon_mx|B0BX922WGV|K6-4F52-BLRJ
amazon_mx|B0BX925PL7|BR-X5U8-9OLE
amazon_mx|B0BX926XZR|HH-GD89-2MDI
amazon_mx|B0BX92KYMC|S8-JGKJ-A9OQ
amazon_mx|B0BX92NMTV|QV-PXV9-NC8X
amazon_mx|B0BX942YG9|CH-0GV7-QRPO
amazon_mx|B0BXCLJRQT|9H-1YK1-W0CT
amazon_mx|B0BXCN42HX|IO-O87P-JWST
amazon_mx|B0849JWYD8|3G-66XE-4S83
amazon_mx|B0BXCNZRSK|3M-HSVP-YXSZ
amazon_mx|B0BXCP7TKK|HN-DGKP-ZSK3
amazon_mx|B0BXCPC6T1|W4-QC0M-OIDX
amazon_mx|B0BXCPDM8J|EM-UVHA-747L
amazon_mx|B0BXCPQGNP|7H-93DD-GSZY
amazon_mx|B0BXCPY8SN|HR-FMGL-5TFC
amazon_mx|B0BXCQ19JY|CL-QQI5-E715
amazon_mx|B0BXCQ4P52|2Z-UQRW-06KZ
amazon_mx|B0BXCQ9ZM5|VL-GDQD-EJF4
amazon_mx|B0BXCQCRBH|UE-4BJB-9TGB
amazon_mx|B0BXCQHK4Z|V5-TEZX-OBBP
amazon_mx|B0BXCQR4QG|6R-XKAV-8L7C
amazon_mx|B0BXCQVHTY|XW-1QX7-ON33
amazon_mx|B0BXCR4PHZ|XM-GNWZ-2J4G
amazon_mx|B0BXCRDNS6|5Y-Y2PW-EZBX
amazon_mx|B0BXCRT8GR|PC-MYYZ-2L7M
amazon_mx|B0BXCSM34P|CG-6783-PMGQ
amazon_mx|B0BXCTF4LH|DO-RC7L-GA4Y
amazon_mx|B0BXCTMCLX|VR-TE0V-52CF
amazon_mx|B0BXCTNQPR|30-6P0A-NRDX
amazon_mx|B0BXCTVPD8|MQ-JE80-ACUN
amazon_mx|B0BXCWBNCP|67-J31L-BKJW
amazon_mx|B0BXCWXP1K|SQ-KKER-IFMW
amazon_mx|B0BXCXBQ8X|CM-YNLY-KEP0
amazon_mx|B0BXCYM5RJ|UA-VZU8-BWY7
amazon_mx|B0BXFSB4FR|RG-HAZX-RXWD
amazon_mx|B0BXFSNTQD|JY-QACI-6ABZ
amazon_mx|B0BXFSQZH3|TL-W800-6LEU
amazon_mx|B0BXFT41F8|OO-0DJV-OKN3
amazon_mx|B0BXFT9KT2|F3-VGLB-S5N0
amazon_mx|B0BXFVZMWK|IL-I6QE-8WXY
amazon_mx|B0BXFW847S|4J-QTGI-WHZQ
amazon_mx|B0BXFW8SWV|T9-NHBE-EQX4
amazon_mx|B0BXHRC9QM|MC-Q37C-3ZBZ
amazon_mx|B0BXHS56ZH|FZ-4QXB-23FK
amazon_mx|B0BXHSDSBS|RA-678C-823N
amazon_mx|B0BXHSJJPK|PE-2RRR-58XG
amazon_mx|B0BXHSRN8X|OC-W6KF-J9PO
amazon_mx|B0BXHT1XMV|TC-F9AO-FDRY
amazon_mx|B0BXHT289F|VH-YA15-JRHD
amazon_mx|B0BXHT3SCX|D9-N13K-YH6B
amazon_mx|B0BXHT3VLT|8C-DSUH-IEB0
amazon_mx|B0BXHT76MM|IR-775F-7ASC
amazon_mx|B0BXHTC8HM|OC-9XNW-LBUK
amazon_mx|B0BXHTH6RN|IG-EMHB-2NAV
amazon_mx|B0BXHTM9VG|WS-BU28-8W55
amazon_mx|B0BXHTPKKN|FP-7JR4-9LKM
amazon_mx|B0BXHTV6L2|GP-WZZV-8V39
amazon_mx|B0BXHV2D76|GE-YXVC-R5BR
amazon_mx|B0BXHVPR9T|PI-5SUZ-85ZP
amazon_mx|B0BXHVT1MG|AL-WD43-AH4T
amazon_mx|B0BXHVT4WL|QM-UZYQ-YFA8
amazon_mx|B0BXHVYNL3|L5-PHOF-POEK
amazon_mx|B0C8RP526Z|KM-P891-0MY5
amazon_mx|B0C8RPB6SM|JJ-ZFJQ-C9ZC
amazon_mx|B0C8RS5TGQ|R8-1D4Y-EH9N
amazon_mx|B0C8RVSDW9|RK-BCI1-AL54
amazon_mx|B0C8RVWG4F|SK-YBQX-XQWV
amazon_mx|B0C8RX7TSH|IF-88UP-AFT1
amazon_mx|B0C8RZCZ19|N3-9EZ5-C788
amazon_mx|B0C8S1PHCL|AS-B6C1-L7Y3
amazon_mx|B0C8S45MQB|50-16TH-AZPE
amazon_mx|B0C8S4WNQC|6W-BX00-DCPB
amazon_mx|B0C8S6FDKP|ZU-8248-Y5J2
amazon_mx|B0C8S6L1BK|N3-DIHH-JI1Y
amazon_mx|B0C8SHHYSY|K4-WBTE-9PWR
amazon_mx|B0C8SHJV8H|EX-W8SE-44R2
amazon_mx|B0C8SHVTFK|NR-ESUP-XSTX
amazon_mx|B0C8SJQX8K|I1-8ADP-H8LB
amazon_mx|B0C8SK6JN9|F1-T78C-AZMG
amazon_mx|B0C8SKQ7NM|3L-68GF-9GPR
amazon_mx|B0C8SMDQ22|87-RIK9-VTJQ
amazon_mx|B0C8SPC57P|M9-29TE-22D4
amazon_mx|B0C9P8KH4Z|7T-ERD8-JZDQ
amazon_mx|B0C9PCLKL5|WR-NWRB-W6S9
amazon_mx|B0C9PDL3PW|CV-PX9V-CPA8
amazon_mx|B0C9PF1YKV|EM-03GP-9JNI
amazon_mx|B0C9PH9STR|C9-I05U-1AFG
amazon_mx|B0C9PHV6DX|9L-63OP-ME6D
amazon_mx|B0C9PHYQFJ|AZ-RE6Q-E9OV
amazon_mx|B0C9PJ6D3D|Y2-5G7X-ZX9P
amazon_mx|B0C9PJDXHT|1F-6UAF-5JOO
amazon_mx|B0C9PJPBCD|6S-QZ5N-9IEG
amazon_mx|B0C9PLNPQC|AJ-EX0N-9H0U
amazon_mx|B0C9PLS347|88-WYMY-O42A
amazon_mx|B0C9PM3TY2|1X-9MPP-46OA
amazon_mx|B0C9PMFY9R|0X-MX5B-0D61
amazon_mx|B0C9PMP9TV|FM-GQ8B-ZRSM
amazon_mx|B0C9PN8661|E5-LT8L-GR8Y
amazon_mx|B0CJSXFVJL|W9-1UYX-1GZB
amazon_mx|B0CJT1DZJH|RY-F8T4-T449
amazon_mx|B0CJT1GJ3R|BY-SCB3-VE5W
amazon_mx|B0CJT47S19|QK-G5F2-5OWL
amazon_mx|B0CJT48QYC|LR-WH6U-IFPR
amazon_mx|B0CJT5D4VM|90-L7TN-78SH
amazon_mx|B0CJT5TMP5|Y5-1M27-5WIY
amazon_mx|B0CJT5TNVQ|CY-2H0B-IWL0
amazon_mx|B0CJT6BK86|0O-B6OS-8RRE
amazon_mx|B0CJT6GZRN|7H-OLR6-OW2D
amazon_mx|B0CJT6J2XL|67-U5IS-E2XV
amazon_mx|B0CJT6KW6M|Y4-FB35-N645
amazon_mx|B0CJT7RT7B|P0-QRQF-3BVO
amazon_mx|B0CJT82FM8|35-LPV7-8TTN
amazon_mx|B0CJT8RH23|QZ-2CWS-YAFC
amazon_mx|B0CJT8SXS8|Z6-2B1O-CV5D
amazon_mx|B0CJT8T9GD|RR-OCHB-O2OH
amazon_mx|B0CJT8TZ3G|D8-SI4W-E2AE
amazon_mx|B0CJT99QM8|WE-YMYU-9NGK
amazon_mx|B0CJT9X65R|J1-KQV7-MKZV
amazon_mx|B0CJTB31HJ|LQ-FV4D-DY2I
amazon_mx|B0CJTBD5DG|DH-VEVA-2Z23
amazon_mx|B0CJTDMGLJ|NY-YIAW-00TT
amazon_mx|B0CJTDNM4X|IC-AUUL-G44D
amazon_mx|B0CJTF4M1Q|VM-UYMP-V8EN
amazon_mx|B0CJTFTQ3R|X5-HOYV-5YZ2
amazon_mx|B0CJTFYZXC|9V-OPKR-FY1O
amazon_mx|B0CJTG5QBB|70-Q2KZ-07TL
amazon_mx|B0CJTHL1PB|AR-C36V-37GO
amazon_mx|B0CJTHN38W|1G-VN1W-PBIB
amazon_mx|B0CJTHVGDQ|WS-ZEAY-DMXR
amazon_mx|B0CJTHY13F|W8-OBAE-HLLV
amazon_mx|B0D6YC3Y11|SC-4I6D-YF4K
amazon_mx|B0D6YGSZ6M|PF-62AU-I8OD
amazon_mx|B0D6YJ66XP|D1-C99S-QL9O
amazon_mx|B0D6YJ8TGS|4Z-CNJK-Y41N
amazon_mx|B0D6YJPRQG|DG-4G1E-FRUK
amazon_mx|B0D8349W39|9J-TPMS-HFE3
amazon_mx|B0D834CXZB|B7-QSRR-3A3O
amazon_mx|B0D836626Q|Q3-7EV3-8TBH
amazon_mx|B0D83B6PRX|1A-4OGN-6UWN
amazon_mx|B0D83L2TYY|DV-J9YG-ICAC
amazon_mx|B0D86HB6PC|8F-KA00-WX1S
amazon_mx|B0D86HVV65|TL-0DCX-88MW
amazon_mx|B0D86J2BJY|33-BEKE-S6UA
amazon_mx|B0D86P3C8Z|6S-RV2S-VLVV
amazon_mx|B0D86P5QWK|TZ-3HRK-XG5I
amazon_mx|B0D86P5VNS|V8-OCS8-PIA8
amazon_mx|B0D86PJ1M8|DU-2MBI-3ADM
amazon_mx|B0D86PKXNW|V1-UYJI-21O8
amazon_mx|B0D86QLQ3Y|9D-5LHS-JYW6
amazon_mx|B0D86RB471|5Q-OAWQ-W8FL
amazon_mx|B0D86RFGMC|GG-9YNX-PTM5
amazon_mx|B0D86RSW8F|6Y-C2Q0-F6YV
amazon_mx|B0D86SR9FP|7H-R0SN-4E27
amazon_mx|B0D86SRNRR|RR-3Y1N-2O9O
amazon_mx|B0D86SX8B4|AE-ZSSB-NQ4A
amazon_mx|B0D86T24CB|WQ-EW4R-A7BV
amazon_mx|B0D86T2D54|NY-H6E7-SE8W
amazon_mx|B0D86T7VJJ|IR-4EU7-W83D
amazon_mx|B0D86TBTDW|JI-GK3S-XCXD
amazon_mx|B0D86TV95Z|DI-3Q8J-EH8Y
amazon_mx|B0D896LZZB|RV-44QK-DPQY
amazon_mx|B0D896S9GH|BJ-3H4C-NY0Z
amazon_mx|B0D89LBJNV|NY-HR25-6J8Z
amazon_mx|B0D89MY1G8|IS-01JE-LGO2
amazon_mx|B0D89NCXX2|RL-M63U-48YM
amazon_mx|B0D89QYZ7N|ES-QKZO-2M25
amazon_mx|B0D89R12L6|NE-DHYF-88J8
amazon_mx|B0D89RMNJN|KS-FNBM-QGR4
amazon_mx|B0D89TK1SD|F0-I9HL-9O4K
amazon_mx|B0D89TSK4L|8M-7ZFD-QNYA
amazon_mx|B0D89V29Z3|AH-73LR-4UD3
amazon_mx|B0D89V49WS|P4-LVXK-YLL4
amazon_mx|B0D89VJZGJ|HH-WI9V-PXCL
amazon_mx|B0D89WBJCX|9C-IXLT-VNZQ
amazon_mx|B0D89WGVN8|S3-GQY8-PAHT
amazon_mx|B0D89XW2SD|UX-2ACS-X2OO
amazon_mx|B0D8B1BPBY|BK-5RY4-5SWU
amazon_mx|B0D8B1HT8Q|T6-3V5J-E4UW
amazon_mx|B0D8B24R1J|AG-IWE5-36XD
amazon_mx|B0D8B2M1Y8|Z0-CT6I-LOCW
amazon_mx|B0D8B5XT1T|NQ-84H0-WN2U
amazon_mx|B0D8B69W54|FE-UYCI-F1M3
amazon_mx|B0D8B77TBW|3S-LFPL-IDVX
amazon_mx|B0D8B84NYG|L5-F5N4-9QKK
amazon_mx|B0D8B9THRL|Q1-LJVF-00T6
amazon_mx|B0D8F1WB48|US-2TZ7-Q1HS
amazon_mx|B0D8F1YB35|R0-1PGP-H7CT
amazon_mx|B0D8F7DN9V|NF-4CWM-MTJ1
amazon_mx|B0D8F9B4LY|PJ-G5N3-CTQP
amazon_mx|B0D8FFTBT5|ZE-WMHI-Y88M
amazon_mx|B0D9CX54F2|JH-RY0S-FBMY
amazon_mx|B0D9CYV2R5|I3-7KFO-MGRZ
amazon_mx|B0D9CZ1SPY|56-CDUJ-W64L
amazon_mx|B0D9D2MNN1|QD-GP0W-FJIL
amazon_mx|B0D9D2NLDM|PZ-7GRB-WXW6
amazon_mx|B0D9D33M12|7P-RNI4-ZF2T
amazon_mx|B0D9D3C9Q6|RE-BLBJ-AGXT
amazon_mx|B0D9D3HMF2|XN-431H-PUOR
amazon_mx|B0D9D3M8HM|8O-1N24-WOG6
amazon_mx|B0D9D4L89N|SH-8GIJ-V3RR
amazon_mx|B0D9D4LK76|Y6-F23J-CQ7A
amazon_mx|B0D9D4SB47|1M-9GIF-SQBE
amazon_mx|B0D9D52ZHZ|9F-3GEW-Y93N
amazon_mx|B0D9D53Q5Y|RW-BENK-KV82
amazon_mx|B0D9D5729K|YP-E1Z6-3317
amazon_mx|B0D9D5772G|IQ-8LPT-G9FP
amazon_mx|B0D9D5MMCR|JS-8ZWE-0LYV
amazon_mx|B0D9F29M5S|1O-NIJ0-FTO8
amazon_mx|B0D9F2YQGX|RJ-TX8X-PHXM
amazon_mx|B0D9F3LQQ2|BO-EB4F-31NN
amazon_mx|B0D9F3Z55D|NQ-MRNS-N1WJ
amazon_mx|B0D9F491M8|J6-AK0F-9V6C
amazon_mx|B0D9F4NJCQ|ES-QI5A-U0F3
amazon_mx|B0D9F4Q3GM|J8-7HCX-5NYM
amazon_mx|B0D9F4R8HF|U4-EOUM-RUC3
amazon_mx|B0D9F4V1CC|XM-20QN-2YJR
amazon_mx|B0D9F5TD4W|94-BS5W-D2O0
amazon_mx|B0851SSBL6|KQ-5BXO-THDH
amazon_mx|B0851STPR8|YG-YR28-I1E9
amazon_mx|B0851T6TH9|NA-15WK-8U1A
amazon_mx|B086M97TDL|L2-N1V2-3RZG
amazon_mx|B086MFVJLP|EQ-3EBF-0HLM
amazon_us|B08NTBVTBM|1T-T1QG-6610
amazon_us|B08NTBY186|XA-3K2X-O4FP
amazon_us|B08NTD3716|1B-R34T-1VZ5
amazon_us|B09DJC3G6J|KR-ABSX-583M
amazon_us|B09DJMYB9Z|H3-4EM5-RS1Q
amazon_us|B09DJQBFDQ|IJ-L6WR-HSNY
amazon_us|B09DJRCZ28|NF-Q037-UXP2
amazon_us|B09DJSGTLL|T6-OF1W-1N6J
amazon_us|B09DK1X6WB|O2-6H06-O2CI
amazon_us|B09DK2TXM3|8T-02AR-7KP7
amazon_us|B09DK5J1M1|EI-RBOM-7B96
amazon_us|B09DK6ZFJH|D0-KYU5-58K9
amazon_us|B09DK8MWVJ|LN-0P06-UN8O
amazon_us|B09DK8NN1T|Q3-RLC0-7RNW
amazon_us|B09DK9K2RC|EE-ZBFM-K7SA
amazon_us|B09DKFSMZ3|9O-8F1H-F6BJ
amazon_us|B09DKFVNJC|12-P13M-IHF9
amazon_us|B09DKFXKGL|Z1-A7V3-AVC3
amazon_us|B09LLKKMRW|SE-PWPS-CCRP
amazon_us|B09LLP8FR7|DG-4IBT-6XZA
amazon_us|B09LM7HXZR|5B-YTEM-PBR2
amazon_us|B09M5QRPZ9|Z7-KIL2-Q9FA
amazon_us|B09M5SV58W|3O-929O-JIOU
amazon_us|B09M5V1TYP|1F-OSCN-XRMR
amazon_us|B09M5Z9SPG|TX-FVN6-JBH6
amazon_us|B09M642GSX|RE-WVJN-FYQJ
amazon_us|B09M6MNH1H|EE-PVSE-RMAZ
amazon_us|B09PYM8QR3|Y1-TG1F-AGVA
amazon_us|B09PYNPZL1|9H-RO3W-KI8Y
amazon_us|B09PYQP7LH|JV-AABK-ZJG3
amazon_us|B09Q86Q7L9|BP-0AP0-PC9H
amazon_us|B09Q88CGY5|9X-LA4S-Y77Q
amazon_us|B09Q8C5XN5|Q0-YIBM-IP8I
amazon_us|B09QBSWTX9|WB-7YRA-MTAK
amazon_us|B09QBTDHY6|S5-P3XQ-A6A6
amazon_us|B09QBX3XNV|K8-KF5Z-H8MT
amazon_us|B09QBZ1G1J|4M-U1Z0-HMX9
amazon_us|B09QC3X991|FY-KLOG-DLH5
amazon_us|B09QC5PK3S|L3-Y2YN-IRYX
amazon_us|B09QC97SBN|1B-J83K-7VFL
amazon_us|B0B36NHWY5|YE-W20B-JW6U
amazon_us|B0B36PVSV8|5J-VRP9-WMNO
amazon_us|B0B36QG6QW|WR-03JD-YKTV
amazon_us|B0B372XLPN|7Q-518K-IKVE
amazon_us|B0B373F8NY|3D-7NIJ-3BGK
amazon_us|B0B374R3LD|ID-CCI7-XGML
amazon_us|B0B3846ZQQ|PI-ILHD-JJYH
amazon_us|B0B3846ZS4|YU-EPEN-SB3Y
amazon_us|B0B384CRP7|0X-THNZ-4W2E
amazon_us|B0B384M2M8|F2-QTYV-7A5N
amazon_us|B0B384TBVR|DI-WWY8-M5MZ
amazon_us|B0B384ZDQS|81-FO38-9MTI
amazon_us|B0B3855DVC|FJ-D7Q9-0JA3
amazon_us|B0B385L9QZ|I5-0XZ9-12IO
amazon_us|B0B386NZ5P|0U-9XQE-TTSU
amazon_us|B0B6S2HPYY|T5-TQA3-5QM5
amazon_us|B0B6S2ZMD8|UN-G9LH-KH5G
amazon_us|B0B6S31Q87|7G-OD2T-WZC7
amazon_us|B0BFK3J6V8|1Y-7ITJ-9DQ9
amazon_us|B0BFK4LSLH|6F-9HTY-E69F
amazon_us|B0BFL2ZFQN|RC-ACHV-FVKX
amazon_us|B0BFL347R9|Q7-0261-KZSQ
amazon_us|B0BG4D3MFH|C1-Q1PO-M73C
amazon_us|B0BG4FQ2YM|UG-8ZSW-38JE
amazon_us|B0BG4G3KTN|8V-TNEI-9VH5
amazon_us|B0BG4GKHQT|0J-W71Z-AYV0
amazon_us|B0BG4HJCH9|AG-UATF-H85X
amazon_us|B0BG4HSNTS|SI-EBS7-X35V
amazon_us|B0BG6YN63G|C3-5BBP-7HEA
amazon_us|B0BG73CB8X|3X-VFTG-053E
amazon_us|B0BG7V393W|0Y-K77R-F4E2
amazon_us|B0BGBS2Q1N|AM-2LWU-HPUV
amazon_us|B0BGBVXXZG|0E-HPK5-9K3I
amazon_us|B0BGBWP1CT|GA-8B6D-9PIG
amazon_us|B0BGCTZPJ4|C7-ZQAE-QP26
amazon_us|B0BGCVR8K7|II-AXIL-Q6IX
amazon_us|B0BGCVX4QJ|17-QXDL-PB6O
amazon_us|B0BGCWM9Y2|S4-0812-Z792
amazon_us|B0BGCX221F|EL-OL1V-D3PW
amazon_us|B0BGCXCL4V|1X-3R3K-FQCA
amazon_us|B0BGCXRFXJ|P6-3WMI-CTBS
amazon_us|B0BGCZD2G1|VC-YO9D-VAMG
amazon_us|B0BGCZHLSP|K1-6Q03-NHTS
amazon_us|B0BGDGLMVT|EC-Y20I-LV38
amazon_us|B0BGDGVCTN|5I-D336-ARBI
amazon_us|B0BGDJ4LW1|S0-0C2J-JJ6V
amazon_us|B0BHCR13Q1|JV-YZ7F-9H9T
amazon_us|B0BHCSP6CK|6T-6EU2-WJGL
amazon_us|B0BHCY1JC1|0P-82Z8-YXD7
amazon_us|B0BLMF5VXT|DL-1AP2-HGA9
amazon_us|B0BLMHQ7TG|NO-501T-PVXP
amazon_us|B0BLMJ9S8V|PF-3K6H-JFVX
amazon_us|B0BVQFLTLQ|2W-B7K3-MMOK
amazon_us|B0BVQFP85R|PY-CVMD-FI7W
amazon_us|B0BVQKMXXP|UT-6NDI-O3IP
amazon_us|B0CF1778F6|34-43QX-C9NM
amazon_us|B0CF187NFR|UN-4O7B-FJ96
amazon_us|B0CF18FJWR|ST-6WVN-A1JG
amazon_us|B0CF1B67CM|6A-371Z-S8XF
amazon_us|B0CF1CCT1P|DZ-4DLR-XZUE
amazon_us|B0CF1CF6NZ|HQ-2UL8-XYFJ
amazon_us|B0CF1CFY2T|QS-Y0TK-KLMX
amazon_us|B0CF1CMG26|0I-M6SQ-YYO7
amazon_us|B0CH956ZLG|F7-0Y75-4PLD
amazon_us|B0CH96SDS7|NM-XVSA-IX0L
amazon_us|B0CH96ZVPF|ED-3SZW-SESM
amazon_us|B0CH977LBW|WX-H958-2A8M
amazon_us|B0CH97FGSY|Q3-FHIB-X95Y
amazon_us|B0CH97L6WW|Q2-2IMG-250B
amazon_us|B0CH97XPM6|UT-S0ZQ-2FAO
amazon_us|B0CH97YQ2P|M7-Y4MO-ID7F
amazon_us|B0CKB2413S|EI-67PP-ARMD
amazon_us|B0CKB2N5TC|69-ZYFY-S8JM
amazon_us|B0CKBJ8LCL|W5-XH59-R1FN
amazon_us|B0CKBKK61Q|48-YDJB-SE8Z
amazon_us|B0CPW6KJM4|7D-ZL0F-LQJI
amazon_us|B0CPW75H48|TX-F5AJ-11D2
amazon_us|B0CPW7B3M4|K2-JC2O-OLSZ
amazon_us|B0CPW7FLZD|JB-KYVI-13P9
amazon_us|B0CPW7KKMS|1N-25OG-6TI8
amazon_us|B0CPW7X2LK|Z0-A09M-AG5Q
amazon_us|B0CPW8ZN6G|HN-F22T-GIRS
amazon_us|B0CPW9C2N9|SQ-WFR4-HASK
amazon_us|B0CR5JCXQZ|L0-K1N9-8X2T
amazon_us|B0CR5JKZPR|E5-YB1X-KKX2
amazon_us|B0CR5KDT7M|VG-JLRB-9YVR
amazon_us|B0CR5KW6YL|JU-ZZL1-HAYH
amazon_us|B0CR5L1RVF|UX-5A44-JPOH
amazon_us|B0CR5MKBDT|B5-5CLS-ZW94
amazon_us|B0CR5MTJFY|NY-30ZJ-IX1F
amazon_us|B0CR5N7J9D|YX-FLCK-UWHH
amazon_us|B0CR5NJLFX|7A-XJ82-16PT
amazon_us|B0CR5PDQNJ|8I-CAZI-3NOI
amazon_us|B0CR5PJCBF|U2-DJTS-NLOR
amazon_us|B0CR5Q74G5|QC-48H9-2DBH
amazon_us|B0CR5QWYMT|A6-IJRZ-DJ1F
amazon_us|B0CR5QZ4VW|MJ-NWLO-IQ15
amazon_us|B0CR5R1Y7C|F9-ZA8P-NXME
amazon_us|B0CR5V8XXZ|6F-ILCS-AX70
amazon_us|B0CR6P4B5D|LP-FMAV-59PX
amazon_us|B0CR6XDH25|6L-LDJS-PSHF
amazon_us|B0CR6Y4RQK|IK-H5XD-SU1O
amazon_us|B0CR6Y6YWT|E5-8VCT-WHJP
amazon_us|B0CR6Y85M4|T5-CHM5-M7HY
amazon_us|B0CR6Y8BSV|L2-VCX6-D7CV
amazon_us|B0CR6Y8KFF|V1-PEXN-95UO
amazon_us|B0CR6YCVQP|BT-BKUL-OPDH
amazon_us|B0CR6YGY13|UU-HHQ7-N9ZW
amazon_us|B0CR6YHD9T|22-9FUT-YSSI
amazon_us|B0CR6YQ2MJ|KN-V8NQ-XDWN
amazon_us|B0CR6YQYKK|0P-XD3Z-HSOU
amazon_us|B0CR6YYSHP|YC-E4ZP-5KCT
amazon_us|B0CR6Z7CM4|BV-ZFT8-7LO8
amazon_us|B0CR6Z9CJR|JH-ICBG-83U8
amazon_us|B0CR6ZBX5X|0L-ROPM-5T3B
amazon_us|B0CR6ZXNFK|PV-WORJ-ETTV
amazon_us|B0CR71119W|8F-69M5-T8Q1
amazon_us|B0CR714TCS|K5-VZUT-D0X2
amazon_us|B0CR727JYN|3P-YWC7-4SCY
amazon_us|B0CR78BZBR|HU-P79S-AL9P
amazon_us|B0CR78VHHL|0W-TKLW-FASI
amazon_us|B0CR78WCH5|97-FWRA-RBM9
amazon_us|B0CR7948VT|9P-C0NN-HCR9
amazon_us|B0CR798XW8|0P-AA1Z-D5LJ
amazon_us|B0CR79DSRJ|33-KYO4-TF6H
amazon_us|B0CR79GCDP|VR-QI3Y-C9WW
amazon_us|B0CR79PQZM|57-SQKK-1FZD
amazon_us|B0CR7CDSVD|VE-WHOW-U0CA
amazon_us|B0CR7D1R8L|PV-AVJL-I78M
amazon_us|B0CR7D55BV|WP-XOYQ-TZ1B
amazon_us|B0CR7DGRD5|GQ-9C5V-AGJE
amazon_us|B085VJ8DVX|4A-REHV-WQ36
amazon_us|B0877XXNR5|WL-WJTK-PE3X
amazon_us|B08NSJH5RX|2F-SLPW-KLHJ
amazon_us|B08NST8LNS|H2-ZI6Z-3GQQ
amazon_us|B08NT1YSBJ|YJ-4TKU-86K5
