lote,plataforma,decision_id,termino,producto_id,etiqueta_humana,jev,confidence,duracion_ms,tokens_entrada,tokens_salida
1,amazon_us,2321,arras de boda,111,satisface,satisface,1.0,364,872,52
1,amazon_us,2321,arras de boda,118,satisface,satisface,1.0,263,874,52
1,amazon_us,2321,arras de boda,120,satisface,satisface,1.0,241,875,52
1,amazon_us,2321,arras de boda,263,satisface,satisface,1.0,238,925,52
1,amazon_us,2321,arras de boda,273,satisface,satisface,1.0,245,925,52
1,amazon_us,2321,arras de boda,274,satisface,satisface,1.0,288,926,52
1,amazon_us,2321,arras de boda,305,satisface,satisface,1.0,240,866,52
1,amazon_us,2321,arras de boda,315,satisface,satisface,1.0,307,866,52
1,amazon_us,2321,arras de boda,333,satisface,satisface,1.0,253,845,52
1,amazon_us,2321,arras de boda,341,satisface,satisface,1.0,284,845,52
1,amazon_us,2321,arras de boda,345,satisface,satisface,1.0,285,841,52
1,amazon_us,2321,arras de boda,346,satisface,satisface,1.0,225,842,52
1,amazon_us,2321,arras de boda,348,satisface,satisface,1.0,261,840,52
1,amazon_us,2321,arras de boda,355,satisface,satisface,1.0,236,841,52
1,amazon_us,2321,arras de boda,356,satisface,satisface,1.0,240,842,52
1,amazon_us,2321,arras de boda,359,satisface,satisface,1.0,243,891,52
1,amazon_us,2321,arras de boda,367,satisface,satisface,1.0,292,890,52
1,amazon_us,2321,arras de boda,369,satisface,satisface,1.0,276,891,52
1,amazon_us,2321,arras de boda,627,satisface,satisface,1.0,254,916,52
1,amazon_us,2321,arras de boda,634,satisface,satisface,1.0,259,863,52
1,amazon_us,2321,arras de boda,641,satisface,satisface,1.0,233,864,52
1,amazon_us,2321,arras de boda,676,satisface,satisface,1.0,242,917,52
1,amazon_us,2322,arras for wedding ceremony,111,satisface,satisface,1.0,299,873,52
1,amazon_us,2322,arras for wedding ceremony,118,satisface,satisface,1.0,255,875,52
1,amazon_us,2322,arras for wedding ceremony,120,satisface,satisface,1.0,292,876,52
1,amazon_us,2322,arras for wedding ceremony,263,satisface,satisface,1.0,298,926,52
1,amazon_us,2322,arras for wedding ceremony,273,satisface,satisface,1.0,242,926,52
1,amazon_us,2322,arras for wedding ceremony,274,satisface,satisface,1.0,239,927,52
1,amazon_us,2322,arras for wedding ceremony,305,satisface,satisface,1.0,291,867,52
1,amazon_us,2322,arras for wedding ceremony,315,satisface,satisface,1.0,338,867,52
1,amazon_us,2322,arras for wedding ceremony,333,satisface,satisface,1.0,255,846,52
1,amazon_us,2322,arras for wedding ceremony,341,satisface,satisface,1.0,228,846,52
1,amazon_us,2322,arras for wedding ceremony,345,satisface,satisface,1.0,248,842,52
1,amazon_us,2322,arras for wedding ceremony,346,satisface,satisface,1.0,263,843,52
1,amazon_us,2322,arras for wedding ceremony,348,satisface,satisface,1.0,226,841,52
1,amazon_us,2322,arras for wedding ceremony,355,satisface,satisface,1.0,238,842,52
1,amazon_us,2322,arras for wedding ceremony,356,satisface,satisface,1.0,234,843,52
1,amazon_us,2322,arras for wedding ceremony,359,satisface,satisface,1.0,285,892,52
1,amazon_us,2322,arras for wedding ceremony,367,satisface,satisface,1.0,237,891,52
1,amazon_us,2322,arras for wedding ceremony,369,satisface,satisface,1.0,323,892,52
1,amazon_us,2322,arras for wedding ceremony,627,satisface,satisface,1.0,276,917,52
1,amazon_us,2322,arras for wedding ceremony,634,satisface,satisface,1.0,308,864,52
1,amazon_us,2322,arras for wedding ceremony,641,satisface,satisface,1.0,255,865,52
1,amazon_us,2322,arras for wedding ceremony,676,satisface,satisface,1.0,225,918,52
1,amazon_us,2323,arras de boda,109,satisface,satisface,1.0,267,874,52
1,amazon_us,2323,arras de boda,110,satisface,satisface,1.0,260,875,52
1,amazon_us,2323,arras de boda,111,satisface,satisface,1.0,247,872,52
1,amazon_us,2323,arras de boda,112,satisface,satisface,1.0,243,873,52
1,amazon_us,2323,arras de boda,117,satisface,satisface,1.0,248,873,52
1,amazon_us,2323,arras de boda,118,satisface,satisface,1.0,234,874,52
1,amazon_us,2323,arras de boda,119,satisface,satisface,1.0,270,874,52
1,amazon_us,2323,arras de boda,120,satisface,satisface,1.0,265,875,52
1,amazon_us,2323,arras de boda,137,satisface,satisface,1.0,228,870,52
1,amazon_us,2323,arras de boda,138,satisface,satisface,1.0,231,871,52
1,amazon_us,2323,arras de boda,139,satisface,satisface,1.0,272,868,52
1,amazon_us,2323,arras de boda,140,satisface,satisface,1.0,232,869,52
1,amazon_us,2323,arras de boda,143,satisface,satisface,1.0,291,920,52
1,amazon_us,2323,arras de boda,144,satisface,satisface,1.0,253,921,52
1,amazon_us,2323,arras de boda,145,satisface,satisface,1.0,262,918,52
1,amazon_us,2323,arras de boda,146,satisface,satisface,1.0,258,919,52
1,amazon_us,2323,arras de boda,151,satisface,satisface,1.0,247,920,52
1,amazon_us,2323,arras de boda,152,satisface,satisface,1.0,300,921,52
1,amazon_us,2323,arras de boda,157,satisface,satisface,1.0,255,870,52
1,amazon_us,2323,arras de boda,158,satisface,satisface,1.0,234,871,52
1,amazon_us,2323,arras de boda,161,satisface,satisface,1.0,257,870,52
1,amazon_us,2323,arras de boda,162,satisface,satisface,1.0,237,871,52
1,amazon_us,2323,arras de boda,163,satisface,satisface,1.0,286,868,52
1,amazon_us,2323,arras de boda,164,satisface,satisface,1.0,268,869,52
1,amazon_us,2323,arras de boda,179,satisface,satisface,1.0,252,869,52
1,amazon_us,2323,arras de boda,180,satisface,satisface,1.0,262,870,52
1,amazon_us,2323,arras de boda,181,satisface,satisface,1.0,249,870,52
1,amazon_us,2323,arras de boda,182,satisface,satisface,1.0,235,871,52
1,amazon_us,2323,arras de boda,185,satisface,satisface,1.0,237,873,52
1,amazon_us,2323,arras de boda,186,satisface,satisface,1.0,269,874,52
1,amazon_us,2323,arras de boda,187,satisface,satisface,1.0,246,871,52
1,amazon_us,2323,arras de boda,188,satisface,satisface,1.0,300,872,52
1,amazon_us,2323,arras de boda,203,satisface,satisface,1.0,279,872,52
1,amazon_us,2323,arras de boda,204,satisface,satisface,1.0,253,873,52
1,amazon_us,2323,arras de boda,205,satisface,satisface,1.0,236,873,52
1,amazon_us,2323,arras de boda,206,satisface,satisface,1.0,266,874,52
1,amazon_us,2323,arras de boda,263,satisface,satisface,1.0,234,925,52
1,amazon_us,2323,arras de boda,264,satisface,satisface,1.0,243,926,52
1,amazon_us,2323,arras de boda,265,satisface,satisface,1.0,240,923,52
1,amazon_us,2323,arras de boda,266,satisface,satisface,1.0,294,924,52
1,amazon_us,2323,arras de boda,273,satisface,satisface,1.0,282,925,52
1,amazon_us,2323,arras de boda,274,satisface,satisface,1.0,233,926,52
1,amazon_us,2323,arras de boda,305,satisface,satisface,1.0,250,866,52
1,amazon_us,2323,arras de boda,306,satisface,satisface,1.0,281,867,52
1,amazon_us,2323,arras de boda,313,satisface,satisface,1.0,262,865,52
1,amazon_us,2323,arras de boda,314,satisface,satisface,1.0,270,866,52
1,amazon_us,2323,arras de boda,315,satisface,satisface,1.0,241,866,52
1,amazon_us,2323,arras de boda,316,satisface,satisface,1.0,245,867,52
1,amazon_us,2323,arras de boda,333,satisface,satisface,1.0,249,845,52
1,amazon_us,2323,arras de boda,334,satisface,satisface,1.0,266,846,52
1,amazon_us,2323,arras de boda,335,satisface,satisface,1.0,231,843,52
1,amazon_us,2323,arras de boda,336,satisface,satisface,1.0,242,844,52
1,amazon_us,2323,arras de boda,341,satisface,satisface,1.0,238,845,52
1,amazon_us,2323,arras de boda,342,satisface,satisface,1.0,256,846,52
1,amazon_us,2323,arras de boda,345,satisface,satisface,1.0,279,841,52
1,amazon_us,2323,arras de boda,346,satisface,satisface,1.0,281,842,52
1,amazon_us,2323,arras de boda,348,satisface,satisface,1.0,292,840,52
1,amazon_us,2323,arras de boda,353,satisface,satisface,1.0,278,840,52
1,amazon_us,2323,arras de boda,354,satisface,satisface,1.0,289,841,52
1,amazon_us,2323,arras de boda,355,satisface,satisface,1.0,236,841,52
1,amazon_us,2323,arras de boda,356,satisface,satisface,1.0,242,842,52
1,amazon_us,2323,arras de boda,359,satisface,satisface,1.0,365,891,52
1,amazon_us,2323,arras de boda,367,satisface,satisface,1.0,262,890,52
1,amazon_us,2323,arras de boda,369,satisface,satisface,1.0,295,891,52
1,amazon_us,2323,arras de boda,375,satisface,satisface,1.0,237,872,52
1,amazon_us,2323,arras de boda,376,satisface,satisface,1.0,242,873,52
1,amazon_us,2323,arras de boda,377,satisface,satisface,1.0,289,870,52
1,amazon_us,2323,arras de boda,378,satisface,satisface,1.0,260,871,52
1,amazon_us,2323,arras de boda,383,satisface,satisface,1.0,263,871,52
1,amazon_us,2323,arras de boda,384,satisface,satisface,1.0,294,872,52
1,amazon_us,2323,arras de boda,385,satisface,satisface,1.0,272,872,52
1,amazon_us,2323,arras de boda,386,satisface,satisface,1.0,245,873,52
1,amazon_us,2323,arras de boda,389,satisface,satisface,1.0,283,871,52
1,amazon_us,2323,arras de boda,399,satisface,satisface,1.0,240,871,52
1,amazon_us,2323,arras de boda,587,satisface,satisface,1.0,241,880,52
1,amazon_us,2323,arras de boda,616,satisface,satisface,1.0,252,915,52
1,amazon_us,2323,arras de boda,619,satisface,satisface,1.0,249,915,52
1,amazon_us,2323,arras de boda,624,satisface,satisface,1.0,240,916,52
1,amazon_us,2323,arras de boda,627,satisface,satisface,1.0,246,916,52
1,amazon_us,2323,arras de boda,634,satisface,satisface,1.0,240,863,52
1,amazon_us,2323,arras de boda,635,satisface,satisface,1.0,231,864,52
1,amazon_us,2323,arras de boda,640,satisface,satisface,1.0,233,863,52
1,amazon_us,2323,arras de boda,641,satisface,satisface,1.0,257,864,52
1,amazon_us,2323,arras de boda,676,satisface,satisface,1.0,244,917,52
1,amazon_us,2323,arras de boda,677,satisface,satisface,1.0,281,918,52
1,amazon_us,2323,arras de boda,760,satisface,satisface,1.0,245,922,52
1,amazon_us,2323,arras de boda,761,satisface,satisface,1.0,241,923,52
1,amazon_us,2323,arras de boda,1621,satisface,satisface,1.0,238,878,52
1,amazon_us,2323,arras de boda,1625,satisface,satisface,1.0,241,879,52
1,amazon_us,2323,arras de boda,1739,satisface,satisface,1.0,274,867,52
1,amazon_us,2323,arras de boda,1740,satisface,satisface,1.0,246,868,52
2,amazon_us,,24k pure gold coins,333,no_satisface,informacion_insuficiente,0.76,282,847,56
2,amazon_us,,24k pure gold coins,334,no_satisface,no_satisface,0.67,281,848,53
2,amazon_us,,24k pure gold coins,335,no_satisface,informacion_insuficiente,0.71,282,845,56
2,amazon_us,,24k pure gold coins,336,no_satisface,no_satisface,0.74,274,846,53
2,amazon_us,,24k pure gold coins,341,no_satisface,informacion_insuficiente,0.72,262,847,56
2,amazon_us,,24k pure gold coins,342,no_satisface,no_satisface,0.66,265,848,53
2,amazon_us,,24k pure gold coins,345,no_satisface,informacion_insuficiente,0.71,275,843,56
2,amazon_us,,24k pure gold coins,346,no_satisface,no_satisface,0.83,271,844,53
2,amazon_us,,24k pure gold coins,348,no_satisface,no_satisface,0.89,239,842,53
2,amazon_us,,24k pure gold coins,353,no_satisface,informacion_insuficiente,0.69,235,842,56
2,amazon_us,,24k pure gold coins,354,no_satisface,no_satisface,0.83,294,843,53
2,amazon_us,,24k pure gold coins,355,no_satisface,informacion_insuficiente,0.72,241,843,56
2,amazon_us,,24k pure gold coins,356,no_satisface,no_satisface,0.85,226,844,53
2,amazon_us,,24k pure gold coins,359,no_satisface,informacion_insuficiente,0.73,265,893,56
2,amazon_us,,24k pure gold coins,367,no_satisface,informacion_insuficiente,0.61,243,892,56
2,amazon_us,,24k pure gold coins,369,no_satisface,informacion_insuficiente,0.75,276,893,56
2,amazon_us,,arras de plata 925 para boda catolica,333,satisface,no_satisface,0.69,249,853,53
2,amazon_us,,arras de plata 925 para boda catolica,334,satisface,informacion_insuficiente,0.44,265,854,56
2,amazon_us,,arras de plata 925 para boda catolica,335,satisface,no_satisface,0.82,239,851,53
2,amazon_us,,arras de plata 925 para boda catolica,336,satisface,informacion_insuficiente,0.43,297,852,56
2,amazon_us,,arras de plata 925 para boda catolica,341,satisface,no_satisface,0.68,237,853,53
2,amazon_us,,arras de plata 925 para boda catolica,342,satisface,informacion_insuficiente,0.46,279,854,56
2,amazon_us,,arras de plata 925 para boda catolica,345,satisface,no_satisface,0.91,303,849,53
2,amazon_us,,arras de plata 925 para boda catolica,346,satisface,informacion_insuficiente,0.44,263,850,56
2,amazon_us,,arras de plata 925 para boda catolica,348,satisface,informacion_insuficiente,0.45,308,848,56
2,amazon_us,,arras de plata 925 para boda catolica,353,satisface,no_satisface,0.9,275,848,53
2,amazon_us,,arras de plata 925 para boda catolica,354,satisface,informacion_insuficiente,0.39,256,849,56
2,amazon_us,,arras de plata 925 para boda catolica,355,satisface,no_satisface,0.91,263,849,53
2,amazon_us,,arras de plata 925 para boda catolica,356,satisface,informacion_insuficiente,0.42,276,850,56
2,amazon_us,,arras de plata 925 para boda catolica,359,satisface,no_satisface,0.88,231,899,53
2,amazon_us,,arras de plata 925 para boda catolica,367,satisface,no_satisface,0.77,233,898,53
2,amazon_us,,arras de plata 925 para boda catolica,369,satisface,no_satisface,0.79,254,899,53
2,amazon_us,,bridal bouquets for bride,333,no_satisface,no_satisface,0.99,321,847,53
2,amazon_us,,bridal bouquets for bride,334,no_satisface,no_satisface,0.98,251,848,53
2,amazon_us,,bridal bouquets for bride,335,no_satisface,no_satisface,0.98,251,845,53
2,amazon_us,,bridal bouquets for bride,336,no_satisface,no_satisface,0.99,233,846,53
2,amazon_us,,bridal bouquets for bride,341,no_satisface,no_satisface,0.99,246,847,53
2,amazon_us,,bridal bouquets for bride,342,no_satisface,no_satisface,0.98,234,848,53
2,amazon_us,,bridal bouquets for bride,345,no_satisface,no_satisface,0.99,236,843,53
2,amazon_us,,bridal bouquets for bride,346,no_satisface,no_satisface,0.98,240,844,53
2,amazon_us,,bridal bouquets for bride,348,no_satisface,no_satisface,0.99,254,842,53
2,amazon_us,,bridal bouquets for bride,353,no_satisface,no_satisface,0.99,266,842,53
2,amazon_us,,bridal bouquets for bride,354,no_satisface,no_satisface,0.99,244,843,53
2,amazon_us,,bridal bouquets for bride,355,no_satisface,no_satisface,0.98,263,843,53
2,amazon_us,,bridal bouquets for bride,356,no_satisface,no_satisface,0.99,240,844,53
2,amazon_us,,bridal bouquets for bride,359,no_satisface,no_satisface,0.99,231,893,53
2,amazon_us,,bridal bouquets for bride,367,no_satisface,no_satisface,0.98,267,892,53
2,amazon_us,,bridal bouquets for bride,369,no_satisface,no_satisface,0.99,249,893,53
2,amazon_us,,centenario bezel,333,no_satisface,no_satisface,0.16,251,846,53
2,amazon_us,,centenario bezel,334,no_satisface,no_satisface,0.28,272,847,53
2,amazon_us,,centenario bezel,335,no_satisface,no_satisface,0.57,237,844,53
2,amazon_us,,centenario bezel,336,no_satisface,no_satisface,0.59,251,845,53
2,amazon_us,,centenario bezel,341,no_satisface,no_satisface,0.49,254,846,53
2,amazon_us,,centenario bezel,342,no_satisface,no_satisface,0.54,242,847,53
2,amazon_us,,centenario bezel,345,no_satisface,no_satisface,0.08,257,842,53
2,amazon_us,,centenario bezel,346,no_satisface,no_satisface,0.25,245,843,53
2,amazon_us,,centenario bezel,348,no_satisface,no_satisface,0.63,263,841,53
2,amazon_us,,centenario bezel,353,no_satisface,no_satisface,0.52,272,841,53
2,amazon_us,,centenario bezel,354,no_satisface,no_satisface,0.61,251,842,53
2,amazon_us,,centenario bezel,355,no_satisface,no_satisface,0.62,275,842,53
2,amazon_us,,centenario bezel,356,no_satisface,no_satisface,0.6,260,843,53
2,amazon_us,,centenario bezel,359,no_satisface,informacion_insuficiente,0.07,275,892,56
2,amazon_us,,centenario bezel,367,no_satisface,no_satisface,0.48,251,891,53
2,amazon_us,,centenario bezel,369,no_satisface,no_satisface,0.55,264,892,53
2,amazon_us,,gold arras,333,satisface,satisface,0.96,252,844,52
2,amazon_us,,gold arras,334,no_satisface,no_satisface,0.88,391,845,53
2,amazon_us,,gold arras,335,satisface,satisface,0.98,269,842,52
2,amazon_us,,gold arras,336,no_satisface,no_satisface,0.85,281,843,53
2,amazon_us,,gold arras,341,satisface,satisface,0.98,282,844,52
2,amazon_us,,gold arras,342,no_satisface,no_satisface,0.85,238,845,53
2,amazon_us,,gold arras,345,satisface,satisface,0.98,227,840,52
2,amazon_us,,gold arras,346,no_satisface,no_satisface,0.85,267,841,53
2,amazon_us,,gold arras,348,no_satisface,no_satisface,0.86,311,839,53
2,amazon_us,,gold arras,353,satisface,satisface,0.98,267,839,52
2,amazon_us,,gold arras,354,no_satisface,no_satisface,0.87,300,840,53
2,amazon_us,,gold arras,355,satisface,satisface,0.99,295,840,52
2,amazon_us,,gold arras,356,no_satisface,no_satisface,0.92,277,841,53
2,amazon_us,,gold arras,359,satisface,satisface,0.99,281,890,52
2,amazon_us,,gold arras,367,satisface,satisface,0.99,306,889,52
2,amazon_us,,gold arras,369,satisface,satisface,0.97,250,890,52
2,amazon_us,,gold bars.999 pure,333,no_satisface,no_satisface,0.82,264,848,53
2,amazon_us,,gold bars.999 pure,334,no_satisface,no_satisface,0.97,235,849,53
2,amazon_us,,gold bars.999 pure,335,no_satisface,no_satisface,0.81,259,846,53
2,amazon_us,,gold bars.999 pure,336,no_satisface,no_satisface,0.96,271,847,53
2,amazon_us,,gold bars.999 pure,341,no_satisface,no_satisface,0.81,259,848,53
2,amazon_us,,gold bars.999 pure,342,no_satisface,no_satisface,0.96,280,849,53
2,amazon_us,,gold bars.999 pure,345,no_satisface,no_satisface,0.85,253,844,53
2,amazon_us,,gold bars.999 pure,346,no_satisface,no_satisface,0.97,247,845,53
2,amazon_us,,gold bars.999 pure,348,no_satisface,no_satisface,0.98,243,843,53
2,amazon_us,,gold bars.999 pure,353,no_satisface,no_satisface,0.84,245,843,53
2,amazon_us,,gold bars.999 pure,354,no_satisface,no_satisface,0.96,264,844,53
2,amazon_us,,gold bars.999 pure,355,no_satisface,no_satisface,0.84,240,844,53
2,amazon_us,,gold bars.999 pure,356,no_satisface,no_satisface,0.96,252,845,53
2,amazon_us,,gold bars.999 pure,359,no_satisface,no_satisface,0.83,251,894,53
2,amazon_us,,gold bars.999 pure,367,no_satisface,no_satisface,0.82,270,893,53
2,amazon_us,,gold bars.999 pure,369,no_satisface,no_satisface,0.87,228,894,53
2,amazon_us,,gold bullion,333,no_satisface,no_satisface,0.68,262,844,53
2,amazon_us,,gold bullion,334,no_satisface,no_satisface,0.88,243,845,53
2,amazon_us,,gold bullion,335,no_satisface,no_satisface,0.78,226,842,53
2,amazon_us,,gold bullion,336,no_satisface,no_satisface,0.92,256,843,53
2,amazon_us,,gold bullion,341,no_satisface,no_satisface,0.69,322,844,53
2,amazon_us,,gold bullion,342,no_satisface,no_satisface,0.84,254,845,53
2,amazon_us,,gold bullion,345,no_satisface,no_satisface,0.73,244,840,53
2,amazon_us,,gold bullion,346,no_satisface,no_satisface,0.91,303,841,53
2,amazon_us,,gold bullion,348,no_satisface,no_satisface,0.93,302,839,53
2,amazon_us,,gold bullion,353,no_satisface,no_satisface,0.74,275,839,53
2,amazon_us,,gold bullion,354,no_satisface,no_satisface,0.89,285,840,53
2,amazon_us,,gold bullion,355,no_satisface,no_satisface,0.76,232,840,53
2,amazon_us,,gold bullion,356,no_satisface,no_satisface,0.86,263,841,53
2,amazon_us,,gold bullion,359,no_satisface,no_satisface,0.64,238,890,53
2,amazon_us,,gold bullion,367,no_satisface,no_satisface,0.63,241,889,53
2,amazon_us,,gold bullion,369,no_satisface,no_satisface,0.73,258,890,53
2,amazon_us,,lasso for weddings,333,no_satisface,satisface,0.37,275,845,52
2,amazon_us,,lasso for weddings,334,no_satisface,satisface,0.48,238,846,52
2,amazon_us,,lasso for weddings,335,no_satisface,no_satisface,0.22,259,843,53
2,amazon_us,,lasso for weddings,336,no_satisface,no_satisface,0.25,289,844,53
2,amazon_us,,lasso for weddings,341,no_satisface,satisface,0.34,589,845,52
2,amazon_us,,lasso for weddings,342,no_satisface,satisface,0.36,313,846,52
2,amazon_us,,lasso for weddings,345,no_satisface,satisface,0.25,258,841,52
2,amazon_us,,lasso for weddings,346,no_satisface,satisface,0.61,276,842,52
2,amazon_us,,lasso for weddings,348,no_satisface,no_satisface,0.41,296,840,53
2,amazon_us,,lasso for weddings,353,no_satisface,no_satisface,0.45,264,840,53
2,amazon_us,,lasso for weddings,354,no_satisface,no_satisface,0.38,302,841,53
2,amazon_us,,lasso for weddings,355,no_satisface,satisface,0.47,233,841,52
2,amazon_us,,lasso for weddings,356,no_satisface,satisface,0.34,278,842,52
2,amazon_us,,lasso for weddings,359,no_satisface,no_satisface,0.22,233,891,53
2,amazon_us,,lasso for weddings,367,no_satisface,no_satisface,0.47,273,890,53
2,amazon_us,,lasso for weddings,369,no_satisface,satisface,0.22,235,891,52
2,amazon_us,,personalized wedding arras,333,satisface,satisface,1.0,257,847,52
2,amazon_us,,personalized wedding arras,334,satisface,satisface,1.0,271,848,52
2,amazon_us,,personalized wedding arras,335,satisface,satisface,1.0,263,845,52
2,amazon_us,,personalized wedding arras,336,satisface,satisface,1.0,282,846,52
2,amazon_us,,personalized wedding arras,341,satisface,satisface,1.0,285,847,52
2,amazon_us,,personalized wedding arras,342,satisface,satisface,1.0,285,848,52
2,amazon_us,,personalized wedding arras,345,satisface,satisface,1.0,321,843,52
2,amazon_us,,personalized wedding arras,346,satisface,satisface,1.0,270,844,52
2,amazon_us,,personalized wedding arras,348,satisface,satisface,1.0,233,842,52
2,amazon_us,,personalized wedding arras,353,satisface,satisface,1.0,238,842,52
2,amazon_us,,personalized wedding arras,354,satisface,satisface,1.0,228,843,52
2,amazon_us,,personalized wedding arras,355,satisface,satisface,1.0,286,843,52
2,amazon_us,,personalized wedding arras,356,satisface,satisface,1.0,234,844,52
2,amazon_us,,personalized wedding arras,359,satisface,satisface,1.0,234,893,52
2,amazon_us,,personalized wedding arras,367,satisface,satisface,1.0,294,892,52
2,amazon_us,,personalized wedding arras,369,satisface,satisface,1.0,305,893,52
2,amazon_us,,silver coins,333,no_satisface,no_satisface,0.92,271,843,53
2,amazon_us,,silver coins,334,no_satisface,satisface,0.97,281,844,52
2,amazon_us,,silver coins,335,no_satisface,no_satisface,0.85,235,841,53
2,amazon_us,,silver coins,336,no_satisface,satisface,0.93,241,842,52
2,amazon_us,,silver coins,341,no_satisface,no_satisface,0.89,238,843,53
2,amazon_us,,silver coins,342,no_satisface,satisface,0.96,278,844,52
2,amazon_us,,silver coins,345,no_satisface,no_satisface,0.94,264,839,53
2,amazon_us,,silver coins,346,no_satisface,satisface,0.9,277,840,52
2,amazon_us,,silver coins,348,no_satisface,satisface,0.94,231,838,52
2,amazon_us,,silver coins,353,no_satisface,no_satisface,0.94,245,838,53
2,amazon_us,,silver coins,354,no_satisface,satisface,0.93,252,839,52
2,amazon_us,,silver coins,355,no_satisface,no_satisface,0.94,287,839,53
2,amazon_us,,silver coins,356,no_satisface,satisface,0.93,291,840,52
2,amazon_us,,silver coins,359,no_satisface,no_satisface,0.93,243,889,53
2,amazon_us,,silver coins,367,no_satisface,no_satisface,0.96,255,888,53
2,amazon_us,,silver coins,369,no_satisface,no_satisface,0.96,252,889,53
2,amazon_us,,silver wedding arras,333,no_satisface,no_satisface,0.7,238,845,53
2,amazon_us,,silver wedding arras,334,satisface,satisface,0.99,238,846,52
2,amazon_us,,silver wedding arras,335,no_satisface,no_satisface,0.63,286,843,53
2,amazon_us,,silver wedding arras,336,satisface,satisface,0.99,271,844,52
2,amazon_us,,silver wedding arras,341,no_satisface,no_satisface,0.76,238,845,53
2,amazon_us,,silver wedding arras,342,satisface,satisface,0.99,238,846,52
2,amazon_us,,silver wedding arras,345,no_satisface,no_satisface,0.84,273,841,53
2,amazon_us,,silver wedding arras,346,satisface,satisface,0.99,238,842,52
2,amazon_us,,silver wedding arras,348,satisface,satisface,0.99,256,840,52
2,amazon_us,,silver wedding arras,353,no_satisface,no_satisface,0.86,234,840,53
2,amazon_us,,silver wedding arras,354,satisface,satisface,0.98,259,841,52
2,amazon_us,,silver wedding arras,355,no_satisface,no_satisface,0.87,256,841,53
2,amazon_us,,silver wedding arras,356,satisface,satisface,0.99,262,842,52
2,amazon_us,,silver wedding arras,359,no_satisface,no_satisface,0.84,235,891,53
2,amazon_us,,silver wedding arras,367,no_satisface,no_satisface,0.86,278,890,53
2,amazon_us,,silver wedding arras,369,no_satisface,no_satisface,0.86,266,891,53
2,amazon_us,,wedding card box,333,no_satisface,no_satisface,0.41,297,845,53
2,amazon_us,,wedding card box,334,no_satisface,no_satisface,0.31,268,846,53
2,amazon_us,,wedding card box,335,no_satisface,no_satisface,0.44,237,843,53
2,amazon_us,,wedding card box,336,no_satisface,no_satisface,0.42,230,844,53
2,amazon_us,,wedding card box,341,no_satisface,no_satisface,0.46,255,845,53
2,amazon_us,,wedding card box,342,no_satisface,no_satisface,0.34,259,846,53
2,amazon_us,,wedding card box,345,no_satisface,no_satisface,0.78,242,841,53
2,amazon_us,,wedding card box,346,no_satisface,no_satisface,0.83,267,842,53
2,amazon_us,,wedding card box,348,no_satisface,no_satisface,0.8,272,840,53
2,amazon_us,,wedding card box,353,no_satisface,no_satisface,0.8,268,840,53
2,amazon_us,,wedding card box,354,no_satisface,no_satisface,0.83,260,841,53
2,amazon_us,,wedding card box,355,no_satisface,no_satisface,0.81,266,841,53
2,amazon_us,,wedding card box,356,no_satisface,no_satisface,0.85,239,842,53
2,amazon_us,,wedding card box,359,no_satisface,no_satisface,0.85,228,891,53
2,amazon_us,,wedding card box,367,no_satisface,no_satisface,0.85,243,890,53
2,amazon_us,,wedding card box,369,no_satisface,no_satisface,0.86,311,891,53
3,amazon_us,,arras de plata 925 para boda catolica,333,satisface,informacion_insuficiente,0.25,325,1016,56
3,amazon_us,,arras de plata 925 para boda catolica,334,satisface,satisface,0.22,251,1017,52
3,amazon_us,,arras de plata 925 para boda catolica,335,satisface,informacion_insuficiente,0.26,312,1014,56
3,amazon_us,,arras de plata 925 para boda catolica,336,satisface,informacion_insuficiente,0.26,279,1015,56
3,amazon_us,,arras de plata 925 para boda catolica,341,satisface,satisface,0.36,295,1016,52
3,amazon_us,,arras de plata 925 para boda catolica,342,satisface,satisface,0.23,271,1017,52
3,amazon_us,,arras de plata 925 para boda catolica,345,satisface,satisface,0.23,322,1012,52
3,amazon_us,,arras de plata 925 para boda catolica,346,satisface,informacion_insuficiente,0.23,250,1013,56
3,amazon_us,,arras de plata 925 para boda catolica,348,satisface,satisface,0.25,242,1011,52
3,amazon_us,,arras de plata 925 para boda catolica,353,satisface,satisface,0.34,283,1011,52
3,amazon_us,,arras de plata 925 para boda catolica,354,satisface,satisface,0.31,258,1012,52
3,amazon_us,,arras de plata 925 para boda catolica,355,satisface,satisface,0.36,273,1012,52
3,amazon_us,,arras de plata 925 para boda catolica,356,satisface,satisface,0.29,263,1013,52
3,amazon_us,,arras de plata 925 para boda catolica,359,satisface,satisface,0.22,253,1062,52
3,amazon_us,,arras de plata 925 para boda catolica,367,satisface,satisface,0.41,279,1061,52
3,amazon_us,,arras de plata 925 para boda catolica,369,satisface,satisface,0.31,256,1062,52
3,amazon_us,,lasso for weddings,333,no_satisface,no_satisface,0.99,283,1008,53
3,amazon_us,,lasso for weddings,334,no_satisface,no_satisface,0.99,258,1009,53
3,amazon_us,,lasso for weddings,335,no_satisface,no_satisface,0.99,280,1006,53
3,amazon_us,,lasso for weddings,336,no_satisface,no_satisface,0.99,275,1007,53
3,amazon_us,,lasso for weddings,341,no_satisface,no_satisface,0.99,262,1008,53
3,amazon_us,,lasso for weddings,342,no_satisface,no_satisface,0.99,238,1009,53
3,amazon_us,,lasso for weddings,345,no_satisface,no_satisface,0.99,245,1004,53
3,amazon_us,,lasso for weddings,346,no_satisface,no_satisface,0.99,245,1005,53
3,amazon_us,,lasso for weddings,348,no_satisface,no_satisface,0.99,306,1003,53
3,amazon_us,,lasso for weddings,353,no_satisface,no_satisface,0.99,246,1003,53
3,amazon_us,,lasso for weddings,354,no_satisface,no_satisface,0.99,251,1004,53
3,amazon_us,,lasso for weddings,355,no_satisface,no_satisface,0.99,275,1004,53
3,amazon_us,,lasso for weddings,356,no_satisface,no_satisface,0.98,272,1005,53
3,amazon_us,,lasso for weddings,359,no_satisface,no_satisface,0.99,275,1054,53
3,amazon_us,,lasso for weddings,367,no_satisface,no_satisface,0.99,272,1053,53
3,amazon_us,,lasso for weddings,369,no_satisface,no_satisface,0.99,260,1054,53
3,amazon_us,,silver coins,333,no_satisface,satisface,0.4,234,1006,52
3,amazon_us,,silver coins,334,no_satisface,satisface,0.72,318,1007,52
3,amazon_us,,silver coins,335,no_satisface,satisface,0.46,270,1004,52
3,amazon_us,,silver coins,336,no_satisface,satisface,0.72,232,1005,52
3,amazon_us,,silver coins,341,no_satisface,satisface,0.38,311,1006,52
3,amazon_us,,silver coins,342,no_satisface,satisface,0.83,249,1007,52
3,amazon_us,,silver coins,345,no_satisface,satisface,0.23,285,1002,52
3,amazon_us,,silver coins,346,no_satisface,satisface,0.66,252,1003,52
3,amazon_us,,silver coins,348,no_satisface,satisface,0.7,297,1001,52
3,amazon_us,,silver coins,353,no_satisface,satisface,0.27,273,1001,52
3,amazon_us,,silver coins,354,no_satisface,satisface,0.77,280,1002,52
3,amazon_us,,silver coins,355,no_satisface,satisface,0.41,290,1002,52
3,amazon_us,,silver coins,356,no_satisface,satisface,0.67,269,1003,52
3,amazon_us,,silver coins,359,no_satisface,fallo_proveedor,,234,0,0
3,amazon_us,,silver coins,367,no_satisface,satisface,0.41,260,1051,52
3,amazon_us,,silver coins,369,no_satisface,satisface,0.44,235,1052,52
4,amazon_us,,gold coins,333,no_satisface,no_satisface,0.99,230,1100,53
4,amazon_us,,gold coins,334,no_satisface,no_satisface,1.0,294,1101,53
4,amazon_us,,gold coins,335,no_satisface,no_satisface,0.99,261,1098,53
4,amazon_us,,gold coins,336,no_satisface,no_satisface,1.0,235,1099,53
4,amazon_us,,gold coins,341,no_satisface,no_satisface,0.99,269,1100,53
4,amazon_us,,gold coins,342,no_satisface,no_satisface,1.0,308,1101,53
4,amazon_us,,gold coins,345,no_satisface,no_satisface,0.99,282,1096,53
4,amazon_us,,gold coins,346,no_satisface,no_satisface,1.0,266,1097,53
4,amazon_us,,gold coins,348,no_satisface,no_satisface,1.0,320,1095,53
4,amazon_us,,gold coins,353,no_satisface,no_satisface,0.99,248,1095,53
4,amazon_us,,gold coins,354,no_satisface,no_satisface,1.0,246,1096,53
4,amazon_us,,gold coins,355,no_satisface,no_satisface,0.99,293,1096,53
4,amazon_us,,gold coins,356,no_satisface,no_satisface,1.0,247,1097,53
4,amazon_us,,gold coins,359,no_satisface,no_satisface,0.99,319,1146,53
4,amazon_us,,gold coins,367,no_satisface,no_satisface,0.98,264,1145,53
4,amazon_us,,gold coins,369,no_satisface,no_satisface,0.98,285,1146,53
4,amazon_us,,silver coins,333,no_satisface,no_satisface,0.96,251,1100,53
4,amazon_us,,silver coins,334,no_satisface,no_satisface,0.96,232,1101,53
4,amazon_us,,silver coins,335,no_satisface,no_satisface,0.97,239,1098,53
4,amazon_us,,silver coins,336,no_satisface,no_satisface,0.95,252,1099,53
4,amazon_us,,silver coins,341,no_satisface,no_satisface,0.94,286,1100,53
4,amazon_us,,silver coins,342,no_satisface,no_satisface,0.96,287,1101,53
4,amazon_us,,silver coins,345,no_satisface,no_satisface,0.92,256,1096,53
4,amazon_us,,silver coins,346,no_satisface,no_satisface,0.94,240,1097,53
4,amazon_us,,silver coins,348,no_satisface,no_satisface,0.95,245,1095,53
4,amazon_us,,silver coins,353,no_satisface,no_satisface,0.91,310,1095,53
4,amazon_us,,silver coins,354,no_satisface,no_satisface,0.93,268,1096,53
4,amazon_us,,silver coins,355,no_satisface,no_satisface,0.94,233,1096,53
4,amazon_us,,silver coins,356,no_satisface,no_satisface,0.93,282,1097,53
4,amazon_us,,silver coins,359,no_satisface,no_satisface,0.93,228,1146,53
4,amazon_us,,silver coins,367,no_satisface,no_satisface,0.89,257,1145,53
4,amazon_us,,silver coins,369,no_satisface,no_satisface,0.94,275,1146,53
4,amazon_us,,silver wedding coins,333,satisface,satisface,0.99,271,1101,52
4,amazon_us,,silver wedding coins,334,satisface,satisface,1.0,298,1102,52
4,amazon_us,,silver wedding coins,335,satisface,satisface,0.99,265,1099,52
4,amazon_us,,silver wedding coins,336,satisface,satisface,1.0,247,1100,52
4,amazon_us,,silver wedding coins,341,satisface,satisface,1.0,236,1101,52
4,amazon_us,,silver wedding coins,342,satisface,satisface,1.0,245,1102,52
4,amazon_us,,silver wedding coins,345,satisface,satisface,0.99,260,1097,52
4,amazon_us,,silver wedding coins,346,satisface,satisface,1.0,247,1098,52
4,amazon_us,,silver wedding coins,348,satisface,satisface,1.0,335,1096,52
4,amazon_us,,silver wedding coins,353,satisface,satisface,0.99,259,1096,52
4,amazon_us,,silver wedding coins,354,satisface,satisface,1.0,282,1097,52
4,amazon_us,,silver wedding coins,355,satisface,satisface,0.99,236,1097,52
4,amazon_us,,silver wedding coins,356,satisface,satisface,1.0,269,1098,52
4,amazon_us,,silver wedding coins,359,satisface,satisface,0.99,282,1147,52
4,amazon_us,,silver wedding coins,367,satisface,satisface,1.0,273,1146,52
4,amazon_us,,silver wedding coins,369,satisface,satisface,0.99,262,1147,52
4,amazon_us,,wedding coins,333,satisface,satisface,1.0,294,1101,52
4,amazon_us,,wedding coins,334,satisface,satisface,1.0,267,1102,52
4,amazon_us,,wedding coins,335,satisface,satisface,1.0,241,1099,52
4,amazon_us,,wedding coins,336,satisface,satisface,1.0,243,1100,52
4,amazon_us,,wedding coins,341,satisface,satisface,1.0,265,1101,52
4,amazon_us,,wedding coins,342,satisface,satisface,1.0,278,1102,52
4,amazon_us,,wedding coins,345,satisface,satisface,1.0,245,1097,52
4,amazon_us,,wedding coins,346,satisface,satisface,1.0,274,1098,52
4,amazon_us,,wedding coins,348,satisface,satisface,1.0,256,1096,52
4,amazon_us,,wedding coins,353,satisface,satisface,1.0,267,1096,52
4,amazon_us,,wedding coins,354,satisface,satisface,1.0,279,1097,52
4,amazon_us,,wedding coins,355,satisface,satisface,1.0,291,1097,52
4,amazon_us,,wedding coins,356,satisface,satisface,1.0,294,1098,52
4,amazon_us,,wedding coins,359,satisface,satisface,1.0,241,1147,52
4,amazon_us,,wedding coins,367,satisface,satisface,1.0,248,1146,52
4,amazon_us,,wedding coins,369,satisface,satisface,1.0,240,1147,52
5,amazon_mx,,arras de boda catolica,93,satisface,satisface,0.69,317,1125,52
5,amazon_mx,,arras de boda catolica,94,satisface,satisface,0.64,242,1126,52
5,amazon_mx,,arras de boda catolica,95,satisface,satisface,0.62,258,1123,52
5,amazon_mx,,arras de boda catolica,96,satisface,satisface,0.62,249,1124,52
5,amazon_mx,,arras de boda catolica,616,satisface,satisface,0.68,242,1174,52
5,amazon_mx,,arras de boda catolica,624,satisface,satisface,0.59,231,1175,52
5,amazon_mx,,arras de boda catolica,627,satisface,satisface,0.67,286,1175,52
5,amazon_mx,,arras de boda catolica,640,satisface,satisface,0.68,296,1122,52
5,amazon_mx,,arras de boda catolica,641,satisface,satisface,0.7,246,1123,52
5,amazon_mx,,arras de boda catolica,644,satisface,satisface,0.68,265,1123,52
5,amazon_mx,,arras de boda catolica,645,satisface,satisface,0.66,228,1124,52
5,amazon_mx,,arras de boda con estuche,93,satisface,satisface,0.84,246,1126,52
5,amazon_mx,,arras de boda con estuche,94,satisface,satisface,0.88,233,1127,52
5,amazon_mx,,arras de boda con estuche,95,satisface,satisface,0.9,245,1124,52
5,amazon_mx,,arras de boda con estuche,96,satisface,fallo_proveedor,,239,0,0
5,amazon_mx,,arras de boda con estuche,616,satisface,satisface,0.87,261,1175,52
5,amazon_mx,,arras de boda con estuche,624,satisface,satisface,0.83,228,1176,52
5,amazon_mx,,arras de boda con estuche,627,satisface,satisface,0.83,249,1176,52
5,amazon_mx,,arras de boda con estuche,640,satisface,satisface,0.82,251,1123,52
5,amazon_mx,,arras de boda con estuche,641,satisface,satisface,0.96,286,1124,52
5,amazon_mx,,arras de boda con estuche,644,satisface,satisface,0.87,260,1124,52
5,amazon_mx,,arras de boda con estuche,645,satisface,satisface,0.9,333,1125,52
5,amazon_mx,,arras de boda de oro de 10 kilates,93,no_satisface,no_satisface,0.55,242,1131,53
5,amazon_mx,,arras de boda de oro de 10 kilates,94,no_satisface,no_satisface,0.96,290,1132,53
5,amazon_mx,,arras de boda de oro de 10 kilates,95,no_satisface,no_satisface,0.65,239,1129,53
5,amazon_mx,,arras de boda de oro de 10 kilates,96,no_satisface,no_satisface,0.97,239,1130,53
5,amazon_mx,,arras de boda de oro de 10 kilates,616,no_satisface,no_satisface,0.72,264,1180,53
5,amazon_mx,,arras de boda de oro de 10 kilates,624,no_satisface,no_satisface,0.93,259,1181,53
5,amazon_mx,,arras de boda de oro de 10 kilates,627,no_satisface,no_satisface,0.93,253,1181,53
5,amazon_mx,,arras de boda de oro de 10 kilates,640,no_satisface,no_satisface,0.71,253,1128,53
5,amazon_mx,,arras de boda de oro de 10 kilates,641,no_satisface,no_satisface,0.93,242,1129,53
5,amazon_mx,,arras de boda de oro de 10 kilates,644,no_satisface,no_satisface,0.69,244,1129,53
5,amazon_mx,,arras de boda de oro de 10 kilates,645,no_satisface,no_satisface,0.94,312,1130,53
5,amazon_mx,,arras de boda en dorado,93,satisface,satisface,0.98,234,1126,52
5,amazon_mx,,arras de boda en dorado,94,no_satisface,no_satisface,0.62,241,1127,53
5,amazon_mx,,arras de boda en dorado,95,satisface,satisface,0.98,306,1124,52
5,amazon_mx,,arras de boda en dorado,96,no_satisface,no_satisface,0.5,293,1125,53
5,amazon_mx,,arras de boda en dorado,616,satisface,satisface,0.99,280,1175,52
5,amazon_mx,,arras de boda en dorado,624,no_satisface,no_satisface,0.61,237,1176,53
5,amazon_mx,,arras de boda en dorado,627,no_satisface,no_satisface,0.58,242,1176,53
5,amazon_mx,,arras de boda en dorado,640,satisface,satisface,0.99,266,1123,52
5,amazon_mx,,arras de boda en dorado,641,no_satisface,no_satisface,0.5,286,1124,53
5,amazon_mx,,arras de boda en dorado,644,satisface,satisface,0.98,270,1124,52
5,amazon_mx,,arras de boda en dorado,645,no_satisface,no_satisface,0.37,245,1125,53
5,amazon_mx,,arras de boda oro rosa,93,no_satisface,no_satisface,0.25,294,1125,53
5,amazon_mx,,arras de boda oro rosa,94,no_satisface,no_satisface,0.66,294,1126,53
5,amazon_mx,,arras de boda oro rosa,95,no_satisface,informacion_insuficiente,0.09,261,1123,56
5,amazon_mx,,arras de boda oro rosa,96,no_satisface,no_satisface,0.74,318,1124,53
5,amazon_mx,,arras de boda oro rosa,616,no_satisface,no_satisface,0.28,282,1174,53
5,amazon_mx,,arras de boda oro rosa,624,no_satisface,no_satisface,0.75,250,1175,53
5,amazon_mx,,arras de boda oro rosa,627,no_satisface,no_satisface,0.74,276,1175,53
5,amazon_mx,,arras de boda oro rosa,640,no_satisface,no_satisface,0.18,240,1122,53
5,amazon_mx,,arras de boda oro rosa,641,no_satisface,no_satisface,0.78,237,1123,53
5,amazon_mx,,arras de boda oro rosa,644,no_satisface,no_satisface,0.13,252,1123,53
5,amazon_mx,,arras de boda oro rosa,645,no_satisface,no_satisface,0.52,309,1124,53
5,amazon_mx,,arras de boda personalizadas,93,satisface,informacion_insuficiente,0.21,235,1127,56
5,amazon_mx,,arras de boda personalizadas,94,satisface,informacion_insuficiente,0.14,308,1128,56
5,amazon_mx,,arras de boda personalizadas,95,satisface,informacion_insuficiente,0.14,252,1125,56
5,amazon_mx,,arras de boda personalizadas,96,satisface,informacion_insuficiente,0.17,271,1126,56
5,amazon_mx,,arras de boda personalizadas,616,satisface,satisface,0.26,241,1176,52
5,amazon_mx,,arras de boda personalizadas,624,satisface,satisface,0.29,239,1177,52
5,amazon_mx,,arras de boda personalizadas,627,satisface,satisface,0.19,246,1177,52
5,amazon_mx,,arras de boda personalizadas,640,satisface,satisface,0.38,230,1124,52
5,amazon_mx,,arras de boda personalizadas,641,satisface,satisface,0.32,278,1125,52
5,amazon_mx,,arras de boda personalizadas,644,satisface,satisface,0.21,272,1125,52
5,amazon_mx,,arras de boda personalizadas,645,satisface,satisface,0.23,253,1126,52
5,amazon_mx,,arras de boda sin virgen,93,satisface,satisface,0.27,277,1126,52
5,amazon_mx,,arras de boda sin virgen,94,satisface,satisface,0.25,272,1127,52
5,amazon_mx,,arras de boda sin virgen,95,satisface,satisface,0.26,263,1124,52
5,amazon_mx,,arras de boda sin virgen,96,satisface,satisface,0.27,231,1125,52
5,amazon_mx,,arras de boda sin virgen,616,satisface,satisface,0.32,306,1175,52
5,amazon_mx,,arras de boda sin virgen,624,satisface,satisface,0.26,227,1176,52
5,amazon_mx,,arras de boda sin virgen,627,satisface,satisface,0.22,247,1176,52
5,amazon_mx,,arras de boda sin virgen,640,satisface,informacion_insuficiente,0.21,279,1123,56
5,amazon_mx,,arras de boda sin virgen,641,satisface,satisface,0.23,233,1124,52
5,amazon_mx,,arras de boda sin virgen,644,no_satisface,no_satisface,0.94,280,1124,53
5,amazon_mx,,arras de boda sin virgen,645,no_satisface,no_satisface,0.94,253,1125,53
5,amazon_mx,,arras de matrimonio bizzarro,93,no_satisface,satisface,0.3,290,1126,52
5,amazon_mx,,arras de matrimonio bizzarro,94,no_satisface,satisface,0.23,283,1127,52
5,amazon_mx,,arras de matrimonio bizzarro,95,no_satisface,satisface,0.3,258,1124,52
5,amazon_mx,,arras de matrimonio bizzarro,96,no_satisface,satisface,0.34,308,1125,52
5,amazon_mx,,arras de matrimonio bizzarro,616,no_satisface,satisface,0.32,330,1175,52
5,amazon_mx,,arras de matrimonio bizzarro,624,no_satisface,satisface,0.25,235,1176,52
5,amazon_mx,,arras de matrimonio bizzarro,627,no_satisface,satisface,0.24,237,1176,52
5,amazon_mx,,arras de matrimonio bizzarro,640,no_satisface,satisface,0.25,294,1123,52
5,amazon_mx,,arras de matrimonio bizzarro,641,no_satisface,satisface,0.21,266,1124,52
5,amazon_mx,,arras de matrimonio bizzarro,644,no_satisface,satisface,0.36,253,1124,52
5,amazon_mx,,arras de matrimonio bizzarro,645,no_satisface,satisface,0.34,270,1125,52
5,amazon_mx,,arras de matrimonio de acero inoxidable,93,no_satisface,no_satisface,0.86,237,1126,53
5,amazon_mx,,arras de matrimonio de acero inoxidable,94,no_satisface,no_satisface,0.88,237,1127,53
5,amazon_mx,,arras de matrimonio de acero inoxidable,95,no_satisface,no_satisface,0.82,283,1124,53
5,amazon_mx,,arras de matrimonio de acero inoxidable,96,no_satisface,no_satisface,0.89,232,1125,53
5,amazon_mx,,arras de matrimonio de acero inoxidable,616,no_satisface,no_satisface,0.89,229,1175,53
5,amazon_mx,,arras de matrimonio de acero inoxidable,624,no_satisface,no_satisface,0.81,241,1176,53
5,amazon_mx,,arras de matrimonio de acero inoxidable,627,no_satisface,no_satisface,0.76,327,1176,53
5,amazon_mx,,arras de matrimonio de acero inoxidable,640,no_satisface,no_satisface,0.88,276,1123,53
5,amazon_mx,,arras de matrimonio de acero inoxidable,641,no_satisface,no_satisface,0.87,255,1124,53
5,amazon_mx,,arras de matrimonio de acero inoxidable,644,no_satisface,no_satisface,0.89,228,1124,53
5,amazon_mx,,arras de matrimonio de acero inoxidable,645,no_satisface,no_satisface,0.91,248,1125,53
5,amazon_mx,,arras de matrimonio plata,93,no_satisface,satisface,0.71,253,1124,52
5,amazon_mx,,arras de matrimonio plata,94,satisface,satisface,0.95,266,1125,52
5,amazon_mx,,arras de matrimonio plata,95,no_satisface,satisface,0.72,251,1122,52
5,amazon_mx,,arras de matrimonio plata,96,satisface,satisface,0.97,245,1123,52
5,amazon_mx,,arras de matrimonio plata,616,no_satisface,satisface,0.66,247,1173,52
5,amazon_mx,,arras de matrimonio plata,624,satisface,satisface,0.96,264,1174,52
5,amazon_mx,,arras de matrimonio plata,627,satisface,satisface,0.96,250,1174,52
5,amazon_mx,,arras de matrimonio plata,640,no_satisface,satisface,0.74,238,1121,52
5,amazon_mx,,arras de matrimonio plata,641,satisface,satisface,0.98,258,1122,52
5,amazon_mx,,arras de matrimonio plata,644,no_satisface,satisface,0.71,238,1122,52
5,amazon_mx,,arras de matrimonio plata,645,satisface,satisface,0.98,289,1123,52
5,amazon_mx,,arras matrimoniales plata .925,93,satisface,satisface,0.51,254,1129,52
5,amazon_mx,,arras matrimoniales plata .925,94,satisface,satisface,0.6,291,1130,52
5,amazon_mx,,arras matrimoniales plata .925,95,satisface,satisface,0.47,250,1127,52
5,amazon_mx,,arras matrimoniales plata .925,96,satisface,satisface,0.61,264,1128,52
5,amazon_mx,,arras matrimoniales plata .925,616,satisface,satisface,0.52,280,1178,52
5,amazon_mx,,arras matrimoniales plata .925,624,satisface,satisface,0.53,268,1179,52
5,amazon_mx,,arras matrimoniales plata .925,627,satisface,satisface,0.61,241,1179,52
5,amazon_mx,,arras matrimoniales plata .925,640,satisface,satisface,0.58,235,1126,52
5,amazon_mx,,arras matrimoniales plata .925,641,satisface,satisface,0.73,259,1127,52
5,amazon_mx,,arras matrimoniales plata .925,644,satisface,satisface,0.58,242,1127,52
5,amazon_mx,,arras matrimoniales plata .925,645,satisface,satisface,0.58,270,1128,52
5,amazon_mx,,charola para arras de boda,93,no_satisface,no_satisface,0.73,302,1126,53
5,amazon_mx,,charola para arras de boda,94,no_satisface,no_satisface,0.75,242,1127,53
5,amazon_mx,,charola para arras de boda,95,no_satisface,no_satisface,0.7,237,1124,53
5,amazon_mx,,charola para arras de boda,96,no_satisface,fallo_proveedor,,243,0,0
5,amazon_mx,,charola para arras de boda,616,no_satisface,satisface,0.85,272,1175,52
5,amazon_mx,,charola para arras de boda,624,no_satisface,satisface,0.93,258,1176,52
5,amazon_mx,,charola para arras de boda,627,no_satisface,satisface,0.89,269,1176,52
5,amazon_mx,,charola para arras de boda,640,no_satisface,no_satisface,0.72,265,1123,53
5,amazon_mx,,charola para arras de boda,641,no_satisface,no_satisface,0.71,282,1124,53
5,amazon_mx,,charola para arras de boda,644,no_satisface,no_satisface,0.75,264,1124,53
5,amazon_mx,,charola para arras de boda,645,no_satisface,no_satisface,0.73,295,1125,53
5,amazon_mx,,cofre para arras de boda,93,no_satisface,satisface,0.94,248,1126,52
5,amazon_mx,,cofre para arras de boda,94,no_satisface,satisface,0.96,240,1127,52
5,amazon_mx,,cofre para arras de boda,95,no_satisface,satisface,0.96,279,1124,52
5,amazon_mx,,cofre para arras de boda,96,no_satisface,satisface,0.98,253,1125,52
5,amazon_mx,,cofre para arras de boda,616,no_satisface,satisface,0.94,262,1175,52
5,amazon_mx,,cofre para arras de boda,624,no_satisface,satisface,0.98,276,1176,52
5,amazon_mx,,cofre para arras de boda,627,no_satisface,satisface,0.97,273,1176,52
5,amazon_mx,,cofre para arras de boda,640,no_satisface,satisface,0.94,276,1123,52
5,amazon_mx,,cofre para arras de boda,641,no_satisface,satisface,0.98,250,1124,52
5,amazon_mx,,cofre para arras de boda,644,no_satisface,satisface,0.95,276,1124,52
5,amazon_mx,,cofre para arras de boda,645,no_satisface,satisface,0.97,279,1125,52
5,amazon_mx,,estuche para arras de boda sin arras,93,no_satisface,no_satisface,0.95,317,1129,53
5,amazon_mx,,estuche para arras de boda sin arras,94,no_satisface,no_satisface,0.94,286,1130,53
5,amazon_mx,,estuche para arras de boda sin arras,95,no_satisface,no_satisface,0.93,251,1127,53
5,amazon_mx,,estuche para arras de boda sin arras,96,no_satisface,no_satisface,0.94,237,1128,53
5,amazon_mx,,estuche para arras de boda sin arras,616,no_satisface,no_satisface,0.98,251,1178,53
5,amazon_mx,,estuche para arras de boda sin arras,624,no_satisface,no_satisface,0.99,236,1179,53
5,amazon_mx,,estuche para arras de boda sin arras,627,no_satisface,no_satisface,0.98,272,1179,53
5,amazon_mx,,estuche para arras de boda sin arras,640,no_satisface,no_satisface,0.97,373,1126,53
5,amazon_mx,,estuche para arras de boda sin arras,641,no_satisface,no_satisface,0.97,237,1127,53
5,amazon_mx,,estuche para arras de boda sin arras,644,no_satisface,no_satisface,0.98,229,1127,53
5,amazon_mx,,estuche para arras de boda sin arras,645,no_satisface,no_satisface,0.98,291,1128,53
6,amazon_mx,,arras de boda personalizadas,93,no_satisface,no_satisface,1.0,325,1256,53
6,amazon_mx,,arras de boda personalizadas,94,no_satisface,no_satisface,1.0,279,1264,53
6,amazon_mx,,arras de boda personalizadas,95,no_satisface,no_satisface,1.0,256,1254,53
6,amazon_mx,,arras de boda personalizadas,96,no_satisface,no_satisface,1.0,268,1262,53
6,amazon_mx,,arras de boda personalizadas,616,no_satisface,no_satisface,1.0,244,1305,53
6,amazon_mx,,arras de boda personalizadas,624,no_satisface,no_satisface,1.0,277,1313,53
6,amazon_mx,,arras de boda personalizadas,627,no_satisface,no_satisface,1.0,263,1313,53
6,amazon_mx,,arras de boda personalizadas,640,no_satisface,no_satisface,1.0,398,1253,53
6,amazon_mx,,arras de boda personalizadas,641,no_satisface,no_satisface,1.0,251,1261,53
6,amazon_mx,,arras de boda personalizadas,644,no_satisface,no_satisface,1.0,649,1254,53
6,amazon_mx,,arras de boda personalizadas,645,no_satisface,no_satisface,1.0,258,1262,53
6,amazon_mx,,arras de matrimonio bizzarro,93,no_satisface,no_satisface,1.0,243,1255,53
6,amazon_mx,,arras de matrimonio bizzarro,94,no_satisface,no_satisface,1.0,245,1263,53
6,amazon_mx,,arras de matrimonio bizzarro,95,no_satisface,no_satisface,1.0,282,1253,53
6,amazon_mx,,arras de matrimonio bizzarro,96,no_satisface,no_satisface,1.0,245,1261,53
6,amazon_mx,,arras de matrimonio bizzarro,616,no_satisface,no_satisface,1.0,267,1304,53
6,amazon_mx,,arras de matrimonio bizzarro,624,no_satisface,no_satisface,1.0,266,1312,53
6,amazon_mx,,arras de matrimonio bizzarro,627,no_satisface,no_satisface,1.0,264,1312,53
6,amazon_mx,,arras de matrimonio bizzarro,640,no_satisface,no_satisface,1.0,279,1252,53
6,amazon_mx,,arras de matrimonio bizzarro,641,no_satisface,no_satisface,1.0,268,1260,53
6,amazon_mx,,arras de matrimonio bizzarro,644,no_satisface,no_satisface,1.0,244,1253,53
6,amazon_mx,,arras de matrimonio bizzarro,645,no_satisface,no_satisface,1.0,264,1261,53
6,amazon_mx,,arras de matrimonio plata,93,no_satisface,no_satisface,0.79,255,1253,53
6,amazon_mx,,arras de matrimonio plata,94,satisface,satisface,1.0,230,1261,52
6,amazon_mx,,arras de matrimonio plata,95,no_satisface,no_satisface,0.84,271,1251,53
6,amazon_mx,,arras de matrimonio plata,96,satisface,satisface,1.0,316,1259,52
6,amazon_mx,,arras de matrimonio plata,616,no_satisface,no_satisface,0.68,264,1302,53
6,amazon_mx,,arras de matrimonio plata,624,satisface,satisface,1.0,238,1310,52
6,amazon_mx,,arras de matrimonio plata,627,satisface,satisface,1.0,267,1310,52
6,amazon_mx,,arras de matrimonio plata,640,no_satisface,no_satisface,0.8,259,1250,53
6,amazon_mx,,arras de matrimonio plata,641,satisface,satisface,1.0,333,1258,52
6,amazon_mx,,arras de matrimonio plata,644,no_satisface,no_satisface,0.71,272,1251,53
6,amazon_mx,,arras de matrimonio plata,645,satisface,satisface,1.0,262,1259,52
6,amazon_mx,,charola para arras de boda,93,no_satisface,no_satisface,0.98,234,1255,53
6,amazon_mx,,charola para arras de boda,94,no_satisface,no_satisface,0.98,285,1263,53
6,amazon_mx,,charola para arras de boda,95,no_satisface,no_satisface,0.98,248,1253,53
6,amazon_mx,,charola para arras de boda,96,no_satisface,no_satisface,0.97,252,1261,53
6,amazon_mx,,charola para arras de boda,616,no_satisface,no_satisface,0.48,249,1304,53
6,amazon_mx,,charola para arras de boda,624,no_satisface,no_satisface,0.51,267,1312,53
6,amazon_mx,,charola para arras de boda,627,no_satisface,no_satisface,0.45,262,1312,53
6,amazon_mx,,charola para arras de boda,640,no_satisface,no_satisface,0.98,265,1252,53
6,amazon_mx,,charola para arras de boda,641,no_satisface,no_satisface,0.97,244,1260,53
6,amazon_mx,,charola para arras de boda,644,no_satisface,no_satisface,0.98,266,1253,53
6,amazon_mx,,charola para arras de boda,645,no_satisface,no_satisface,0.98,250,1261,53
6,amazon_mx,,cofre para arras de boda,93,no_satisface,no_satisface,0.5,319,1255,53
6,amazon_mx,,cofre para arras de boda,94,no_satisface,no_satisface,0.42,256,1263,53
6,amazon_mx,,cofre para arras de boda,95,no_satisface,no_satisface,0.5,231,1253,53
6,amazon_mx,,cofre para arras de boda,96,no_satisface,no_satisface,0.37,250,1261,53
6,amazon_mx,,cofre para arras de boda,616,no_satisface,no_satisface,0.42,245,1304,53
6,amazon_mx,,cofre para arras de boda,624,no_satisface,no_satisface,0.33,233,1312,53
6,amazon_mx,,cofre para arras de boda,627,no_satisface,no_satisface,0.36,285,1312,53
6,amazon_mx,,cofre para arras de boda,640,no_satisface,no_satisface,0.46,272,1252,53
6,amazon_mx,,cofre para arras de boda,641,no_satisface,no_satisface,0.5,264,1260,53
6,amazon_mx,,cofre para arras de boda,644,no_satisface,no_satisface,0.59,235,1253,53
6,amazon_mx,,cofre para arras de boda,645,no_satisface,no_satisface,0.36,285,1261,53
